sepsis.bpmn,sepsis.xes,gaj,3,ONLY_EDGE_INFORMATION_PROPOSED,0,VPTree+Metric,1.71303,,0
sepsis.bpmn,sepsis.xes,gaj,3,ONLY_EDGE_INFORMATION_PROPOSED,0,VPTree+Transformed,0.286864,,0
sepsis.bpmn,sepsis.xes,gaj,3,ONLY_EDGE_INFORMATION_PROPOSED,0,VPKDTreeMinkowski+Transformed,0.193762,,0
sepsis.bpmn,sepsis.xes,gaj,3,ONLY_EDGE_INFORMATION_PROPOSED,0,VPTree+Embedding,1.18653,,0
sepsis.bpmn,sepsis.xes,gaj,3,ONLY_EDGE_INFORMATION_PROPOSED,0,VPKDTreeMinkowski+Embedding,0.061596,,0
sepsis.bpmn,sepsis.xes,gaj,3,ONLY_EDGE_INFORMATION_PREVIOUS,0,VPTree+Metric,1.71987,,0
sepsis.bpmn,sepsis.xes,gaj,3,ONLY_EDGE_INFORMATION_PREVIOUS,0,VPTree+Transformed,0.286568,,0
sepsis.bpmn,sepsis.xes,gaj,3,ONLY_EDGE_INFORMATION_PREVIOUS,0,VPKDTreeMinkowski+Transformed,0.187243,,0
sepsis.bpmn,sepsis.xes,gaj,3,ONLY_EDGE_INFORMATION_PREVIOUS,0,VPTree+Embedding,1.21491,,0
sepsis.bpmn,sepsis.xes,gaj,3,ONLY_EDGE_INFORMATION_PREVIOUS,0,VPKDTreeMinkowski+Embedding,0.065256,,0
