labour.bpmn,labour.xes,iimmffbffbppnnkkaaffeeaaffaaffaahh,34,ONLY_EDGE_INFORMATION_PROPOSED,0,VPTree+Metric,40.8535,,0
labour.bpmn,labour.xes,iimmffbffbppnnkkaaffeeaaffaaffaahh,34,ONLY_EDGE_INFORMATION_PROPOSED,0,VPTree+Transformed,9.71933,,0
labour.bpmn,labour.xes,iimmffbffbppnnkkaaffeeaaffaaffaahh,34,ONLY_EDGE_INFORMATION_PROPOSED,0,VPKDTreeMinkowski+Transformed,8.83491,,0
labour.bpmn,labour.xes,iimmffbffbppnnkkaaffeeaaffaaffaahh,34,ONLY_EDGE_INFORMATION_PROPOSED,0,VPTree+Embedding,19.7118,,0
labour.bpmn,labour.xes,iimmffbffbppnnkkaaffeeaaffaaffaahh,34,ONLY_EDGE_INFORMATION_PROPOSED,0,VPKDTreeMinkowski+Embedding,2.38052,,0
labour.bpmn,labour.xes,iibbmmbnnkbkffddaabbddaaccllaabbeeaahh,38,ONLY_EDGE_INFORMATION_PROPOSED,0,VPTree+Metric,40.8535,,0
labour.bpmn,labour.xes,iibbmmbnnkbkffddaabbddaaccllaabbeeaahh,38,ONLY_EDGE_INFORMATION_PROPOSED,0,VPTree+Transformed,10.6247,,0
labour.bpmn,labour.xes,iibbmmbnnkbkffddaabbddaaccllaabbeeaahh,38,ONLY_EDGE_INFORMATION_PROPOSED,0,VPKDTreeMinkowski+Transformed,14.2934,,0
labour.bpmn,labour.xes,iibbmmbnnkbkffddaabbddaaccllaabbeeaahh,38,ONLY_EDGE_INFORMATION_PROPOSED,0,VPTree+Embedding,33.1005,,0
labour.bpmn,labour.xes,iibbmmbnnkbkffddaabbddaaccllaabbeeaahh,38,ONLY_EDGE_INFORMATION_PROPOSED,0,VPKDTreeMinkowski+Embedding,4.00313,,0
labour.bpmn,labour.xes,iillmmffppnnkkaaccaabfbfeeaababaffaahh,38,ONLY_EDGE_INFORMATION_PROPOSED,0,VPTree+Metric,40.8535,,0
labour.bpmn,labour.xes,iillmmffppnnkkaaccaabfbfeeaababaffaahh,38,ONLY_EDGE_INFORMATION_PROPOSED,0,VPTree+Transformed,11.0416,,0
labour.bpmn,labour.xes,iillmmffppnnkkaaccaabfbfeeaababaffaahh,38,ONLY_EDGE_INFORMATION_PROPOSED,0,VPKDTreeMinkowski+Transformed,13.5258,,0
labour.bpmn,labour.xes,iillmmffppnnkkaaccaabfbfeeaababaffaahh,38,ONLY_EDGE_INFORMATION_PROPOSED,0,VPTree+Embedding,29.7861,,0
labour.bpmn,labour.xes,iillmmffppnnkkaaccaabfbfeeaababaffaahh,38,ONLY_EDGE_INFORMATION_PROPOSED,0,VPKDTreeMinkowski+Embedding,3.66499,,0
labour.bpmn,labour.xes,iibbmmbbmkmbbnnkppffggffbbeeaaeebbaaeehh,40,ONLY_EDGE_INFORMATION_PROPOSED,0,VPTree+Metric,40.8535,,0
labour.bpmn,labour.xes,iibbmmbbmkmbbnnkppffggffbbeeaaeebbaaeehh,40,ONLY_EDGE_INFORMATION_PROPOSED,0,VPTree+Transformed,12.4282,,0
labour.bpmn,labour.xes,iibbmmbbmkmbbnnkppffggffbbeeaaeebbaaeehh,40,ONLY_EDGE_INFORMATION_PROPOSED,0,VPKDTreeMinkowski+Transformed,10.9858,,0
labour.bpmn,labour.xes,iibbmmbbmkmbbnnkppffggffbbeeaaeebbaaeehh,40,ONLY_EDGE_INFORMATION_PROPOSED,0,VPTree+Embedding,19.7163,,0
labour.bpmn,labour.xes,iibbmmbbmkmbbnnkppffggffbbeeaaeebbaaeehh,40,ONLY_EDGE_INFORMATION_PROPOSED,0,VPKDTreeMinkowski+Embedding,2.51614,,0
labour.bpmn,labour.xes,iimmfbfbppnnkkffaaffbbeeaabbccllffaaddaahh,42,ONLY_EDGE_INFORMATION_PROPOSED,0,VPTree+Metric,40.8535,,0
labour.bpmn,labour.xes,iimmfbfbppnnkkffaaffbbeeaabbccllffaaddaahh,42,ONLY_EDGE_INFORMATION_PROPOSED,0,VPTree+Transformed,10.8226,,0
labour.bpmn,labour.xes,iimmfbfbppnnkkffaaffbbeeaabbccllffaaddaahh,42,ONLY_EDGE_INFORMATION_PROPOSED,0,VPKDTreeMinkowski+Transformed,10.3877,,0
labour.bpmn,labour.xes,iimmfbfbppnnkkffaaffbbeeaabbccllffaaddaahh,42,ONLY_EDGE_INFORMATION_PROPOSED,0,VPTree+Embedding,21.2125,,0
labour.bpmn,labour.xes,iimmfbfbppnnkkffaaffbbeeaabbccllffaaddaahh,42,ONLY_EDGE_INFORMATION_PROPOSED,0,VPKDTreeMinkowski+Embedding,2.68652,,0
labour.bpmn,labour.xes,iiffmmbbffppnnkkaaffeeaabbaaffaaeeaaffaahh,42,ONLY_EDGE_INFORMATION_PROPOSED,0,VPTree+Metric,40.8535,,0
labour.bpmn,labour.xes,iiffmmbbffppnnkkaaffeeaabbaaffaaeeaaffaahh,42,ONLY_EDGE_INFORMATION_PROPOSED,0,VPTree+Transformed,7.06602,,0
labour.bpmn,labour.xes,iiffmmbbffppnnkkaaffeeaabbaaffaaeeaaffaahh,42,ONLY_EDGE_INFORMATION_PROPOSED,0,VPKDTreeMinkowski+Transformed,9.41155,,0
labour.bpmn,labour.xes,iiffmmbbffppnnkkaaffeeaabbaaffaaeeaaffaahh,42,ONLY_EDGE_INFORMATION_PROPOSED,0,VPTree+Embedding,19.4434,,0
labour.bpmn,labour.xes,iiffmmbbffppnnkkaaffeeaabbaaffaaeeaaffaahh,42,ONLY_EDGE_INFORMATION_PROPOSED,0,VPKDTreeMinkowski+Embedding,2.399,,0
labour.bpmn,labour.xes,iiffaaffmmbffbppnnkkaaccllaaffaababaddaabbaahh,46,ONLY_EDGE_INFORMATION_PROPOSED,0,VPTree+Metric,40.8535,,0
labour.bpmn,labour.xes,iiffaaffmmbffbppnnkkaaccllaaffaababaddaabbaahh,46,ONLY_EDGE_INFORMATION_PROPOSED,0,VPTree+Transformed,7.62113,,0
labour.bpmn,labour.xes,iiffaaffmmbffbppnnkkaaccllaaffaababaddaabbaahh,46,ONLY_EDGE_INFORMATION_PROPOSED,0,VPKDTreeMinkowski+Transformed,9.90784,,0
labour.bpmn,labour.xes,iiffaaffmmbffbppnnkkaaccllaaffaababaddaabbaahh,46,ONLY_EDGE_INFORMATION_PROPOSED,0,VPTree+Embedding,21.7073,,0
labour.bpmn,labour.xes,iiffaaffmmbffbppnnkkaaccllaaffaababaddaabbaahh,46,ONLY_EDGE_INFORMATION_PROPOSED,0,VPKDTreeMinkowski+Embedding,2.96515,,0
labour.bpmn,labour.xes,iibbffmmbbffppnnkkaaccllffaabbffaaffaaddffaahh,46,ONLY_EDGE_INFORMATION_PROPOSED,0,VPTree+Metric,40.8535,,0
labour.bpmn,labour.xes,iibbffmmbbffppnnkkaaccllffaabbffaaffaaddffaahh,46,ONLY_EDGE_INFORMATION_PROPOSED,0,VPTree+Transformed,8.06147,,0
labour.bpmn,labour.xes,iibbffmmbbffppnnkkaaccllffaabbffaaffaaddffaahh,46,ONLY_EDGE_INFORMATION_PROPOSED,0,VPKDTreeMinkowski+Transformed,10.6548,,0
labour.bpmn,labour.xes,iibbffmmbbffppnnkkaaccllffaabbffaaffaaddffaahh,46,ONLY_EDGE_INFORMATION_PROPOSED,0,VPTree+Embedding,20.1104,,0
labour.bpmn,labour.xes,iibbffmmbbffppnnkkaaccllffaabbffaaffaaddffaahh,46,ONLY_EDGE_INFORMATION_PROPOSED,0,VPKDTreeMinkowski+Embedding,2.80302,,0
labour.bpmn,labour.xes,iiggffggbffbggmmbbnnaaffbbffeeaaccllaaddaabbeehh,48,ONLY_EDGE_INFORMATION_PROPOSED,0,VPTree+Metric,40.8535,,0
labour.bpmn,labour.xes,iiggffggbffbggmmbbnnaaffbbffeeaaccllaaddaabbeehh,48,ONLY_EDGE_INFORMATION_PROPOSED,0,VPTree+Transformed,13.8763,,0
labour.bpmn,labour.xes,iiggffggbffbggmmbbnnaaffbbffeeaaccllaaddaabbeehh,48,ONLY_EDGE_INFORMATION_PROPOSED,0,VPKDTreeMinkowski+Transformed,16.8362,,0
labour.bpmn,labour.xes,iiggffggbffbggmmbbnnaaffbbffeeaaccllaaddaabbeehh,48,ONLY_EDGE_INFORMATION_PROPOSED,0,VPTree+Embedding,25.0045,,0
labour.bpmn,labour.xes,iiggffggbffbggmmbbnnaaffbbffeeaaccllaaddaabbeehh,48,ONLY_EDGE_INFORMATION_PROPOSED,0,VPKDTreeMinkowski+Embedding,3.66481,,0
labour.bpmn,labour.xes,iiddggffggmmbbnnkkddaaddffaabbccllaaddaaddaaffbbeehh,52,ONLY_EDGE_INFORMATION_PROPOSED,0,VPTree+Metric,40.8535,,0
labour.bpmn,labour.xes,iiddggffggmmbbnnkkddaaddffaabbccllaaddaaddaaffbbeehh,52,ONLY_EDGE_INFORMATION_PROPOSED,0,VPTree+Transformed,9.50429,,0
labour.bpmn,labour.xes,iiddggffggmmbbnnkkddaaddffaabbccllaaddaaddaaffbbeehh,52,ONLY_EDGE_INFORMATION_PROPOSED,0,VPKDTreeMinkowski+Transformed,10.8758,,0
labour.bpmn,labour.xes,iiddggffggmmbbnnkkddaaddffaabbccllaaddaaddaaffbbeehh,52,ONLY_EDGE_INFORMATION_PROPOSED,0,VPTree+Embedding,23.3753,,0
labour.bpmn,labour.xes,iiddggffggmmbbnnkkddaaddffaabbccllaaddaaddaaffbbeehh,52,ONLY_EDGE_INFORMATION_PROPOSED,0,VPKDTreeMinkowski+Embedding,4.21507,,0
labour.bpmn,labour.xes,iimmbbffppnnkkffaaddaabffbccllffaabbddaaffbabaeeaahh,52,ONLY_EDGE_INFORMATION_PROPOSED,0,VPTree+Metric,40.8535,,0
labour.bpmn,labour.xes,iimmbbffppnnkkffaaddaabffbccllffaabbddaaffbabaeeaahh,52,ONLY_EDGE_INFORMATION_PROPOSED,0,VPTree+Transformed,8.9444,,0
labour.bpmn,labour.xes,iimmbbffppnnkkffaaddaabffbccllffaabbddaaffbabaeeaahh,52,ONLY_EDGE_INFORMATION_PROPOSED,0,VPKDTreeMinkowski+Transformed,10.6736,,0
labour.bpmn,labour.xes,iimmbbffppnnkkffaaddaabffbccllffaabbddaaffbabaeeaahh,52,ONLY_EDGE_INFORMATION_PROPOSED,0,VPTree+Embedding,19.156,,0
labour.bpmn,labour.xes,iimmbbffppnnkkffaaddaabffbccllffaabbddaaffbabaeeaahh,52,ONLY_EDGE_INFORMATION_PROPOSED,0,VPKDTreeMinkowski+Embedding,3.71969,,0
labour.bpmn,labour.xes,iiffaabbmmbbffppnnkkaaccllaaffbabaffeeffbbaaddbbaaffaahh,56,ONLY_EDGE_INFORMATION_PROPOSED,0,VPTree+Metric,40.8535,,0
labour.bpmn,labour.xes,iiffaabbmmbbffppnnkkaaccllaaffbabaffeeffbbaaddbbaaffaahh,56,ONLY_EDGE_INFORMATION_PROPOSED,0,VPTree+Transformed,12.2935,,0
labour.bpmn,labour.xes,iiffaabbmmbbffppnnkkaaccllaaffbabaffeeffbbaaddbbaaffaahh,56,ONLY_EDGE_INFORMATION_PROPOSED,0,VPKDTreeMinkowski+Transformed,11.9214,,0
labour.bpmn,labour.xes,iiffaabbmmbbffppnnkkaaccllaaffbabaffeeffbbaaddbbaaffaahh,56,ONLY_EDGE_INFORMATION_PROPOSED,0,VPTree+Embedding,20.443,,0
labour.bpmn,labour.xes,iiffaabbmmbbffppnnkkaaccllaaffbabaffeeffbbaaddbbaaffaahh,56,ONLY_EDGE_INFORMATION_PROPOSED,0,VPKDTreeMinkowski+Embedding,2.79614,,0
labour.bpmn,labour.xes,iiaaggffbffbggmmnnkkppffggffggddeeaacllcbbeebbddaaffggeehh,58,ONLY_EDGE_INFORMATION_PROPOSED,0,VPTree+Metric,40.8535,,0
labour.bpmn,labour.xes,iiaaggffbffbggmmnnkkppffggffggddeeaacllcbbeebbddaaffggeehh,58,ONLY_EDGE_INFORMATION_PROPOSED,0,VPTree+Transformed,8.19467,,0
labour.bpmn,labour.xes,iiaaggffbffbggmmnnkkppffggffggddeeaacllcbbeebbddaaffggeehh,58,ONLY_EDGE_INFORMATION_PROPOSED,0,VPKDTreeMinkowski+Transformed,10.392,,0
labour.bpmn,labour.xes,iiaaggffbffbggmmnnkkppffggffggddeeaacllcbbeebbddaaffggeehh,58,ONLY_EDGE_INFORMATION_PROPOSED,0,VPTree+Embedding,18.4271,,0
labour.bpmn,labour.xes,iiaaggffbffbggmmnnkkppffggffggddeeaacllcbbeebbddaaffggeehh,58,ONLY_EDGE_INFORMATION_PROPOSED,0,VPKDTreeMinkowski+Embedding,2.57057,,0
labour.bpmn,labour.xes,iimmggffmmnnkkbbffggffggffggffbbeeaaffbbaaddaabffbggaajoohhj,60,ONLY_EDGE_INFORMATION_PROPOSED,0,VPTree+Metric,40.8535,,0
labour.bpmn,labour.xes,iimmggffmmnnkkbbffggffggffggffbbeeaaffbbaaddaabffbggaajoohhj,60,ONLY_EDGE_INFORMATION_PROPOSED,0,VPTree+Transformed,8.69605,,0
labour.bpmn,labour.xes,iimmggffmmnnkkbbffggffggffggffbbeeaaffbbaaddaabffbggaajoohhj,60,ONLY_EDGE_INFORMATION_PROPOSED,0,VPKDTreeMinkowski+Transformed,11.3232,,0
labour.bpmn,labour.xes,iimmggffmmnnkkbbffggffggffggffbbeeaaffbbaaddaabffbggaajoohhj,60,ONLY_EDGE_INFORMATION_PROPOSED,0,VPTree+Embedding,20.5663,,0
labour.bpmn,labour.xes,iimmggffmmnnkkbbffggffggffggffbbeeaaffbbaaddaabffbggaajoohhj,60,ONLY_EDGE_INFORMATION_PROPOSED,0,VPKDTreeMinkowski+Embedding,3.49109,,0
labour.bpmn,labour.xes,iibbmmbbnnkkaaffppbbffggffggaaggffggfbfbeebbddaajjooffggddaahh,62,ONLY_EDGE_INFORMATION_PROPOSED,0,VPTree+Metric,40.8535,,0
labour.bpmn,labour.xes,iibbmmbbnnkkaaffppbbffggffggaaggffggfbfbeebbddaajjooffggddaahh,62,ONLY_EDGE_INFORMATION_PROPOSED,0,VPTree+Transformed,11.2202,,0
labour.bpmn,labour.xes,iibbmmbbnnkkaaffppbbffggffggaaggffggfbfbeebbddaajjooffggddaahh,62,ONLY_EDGE_INFORMATION_PROPOSED,0,VPKDTreeMinkowski+Transformed,15.0306,,0
labour.bpmn,labour.xes,iibbmmbbnnkkaaffppbbffggffggaaggffggfbfbeebbddaajjooffggddaahh,62,ONLY_EDGE_INFORMATION_PROPOSED,0,VPTree+Embedding,23.8905,,0
labour.bpmn,labour.xes,iibbmmbbnnkkaaffppbbffggffggaaggffggfbfbeebbddaajjooffggddaahh,62,ONLY_EDGE_INFORMATION_PROPOSED,0,VPKDTreeMinkowski+Embedding,3.61175,,0
labour.bpmn,labour.xes,iiffbfbfmmaammbbmmnnkkbffbggffppffggddaaeeaaclclbfbfggeejjoohh,62,ONLY_EDGE_INFORMATION_PROPOSED,0,VPTree+Metric,40.8535,,0
labour.bpmn,labour.xes,iiffbfbfmmaammbbmmnnkkbffbggffppffggddaaeeaaclclbfbfggeejjoohh,62,ONLY_EDGE_INFORMATION_PROPOSED,0,VPTree+Transformed,15.2287,,0
labour.bpmn,labour.xes,iiffbfbfmmaammbbmmnnkkbffbggffppffggddaaeeaaclclbfbfggeejjoohh,62,ONLY_EDGE_INFORMATION_PROPOSED,0,VPKDTreeMinkowski+Transformed,15.8042,,0
labour.bpmn,labour.xes,iiffbfbfmmaammbbmmnnkkbffbggffppffggddaaeeaaclclbfbfggeejjoohh,62,ONLY_EDGE_INFORMATION_PROPOSED,0,VPTree+Embedding,29.917,,0
labour.bpmn,labour.xes,iiffbfbfmmaammbbmmnnkkbffbggffppffggddaaeeaaclclbfbfggeejjoohh,62,ONLY_EDGE_INFORMATION_PROPOSED,0,VPKDTreeMinkowski+Embedding,4.17668,,0
labour.bpmn,labour.xes,iiffmmbbffppaannkkaaffeeccllffbababbaaeeaaddaaffbbaaffbffbaahh,62,ONLY_EDGE_INFORMATION_PROPOSED,0,VPTree+Metric,40.8535,,0
labour.bpmn,labour.xes,iiffmmbbffppaannkkaaffeeccllffbababbaaeeaaddaaffbbaaffbffbaahh,62,ONLY_EDGE_INFORMATION_PROPOSED,0,VPTree+Transformed,13.0656,,0
labour.bpmn,labour.xes,iiffmmbbffppaannkkaaffeeccllffbababbaaeeaaddaaffbbaaffbffbaahh,62,ONLY_EDGE_INFORMATION_PROPOSED,0,VPKDTreeMinkowski+Transformed,15.5333,,0
labour.bpmn,labour.xes,iiffmmbbffppaannkkaaffeeccllffbababbaaeeaaddaaffbbaaffbffbaahh,62,ONLY_EDGE_INFORMATION_PROPOSED,0,VPTree+Embedding,28.4822,,0
labour.bpmn,labour.xes,iiffmmbbffppaannkkaaffeeccllffbababbaaeeaaddaaffbbaaffbffbaahh,62,ONLY_EDGE_INFORMATION_PROPOSED,0,VPKDTreeMinkowski+Embedding,4.79213,,0
labour.bpmn,labour.xes,iiffbbmmffggmmbbnnkkaankkanaffppffggffaaeebfbfggeeaajjooaaddaahh,64,ONLY_EDGE_INFORMATION_PROPOSED,0,VPTree+Metric,40.8535,,0
labour.bpmn,labour.xes,iiffbbmmffggmmbbnnkkaankkanaffppffggffaaeebfbfggeeaajjooaaddaahh,64,ONLY_EDGE_INFORMATION_PROPOSED,0,VPTree+Transformed,9.58642,,0
labour.bpmn,labour.xes,iiffbbmmffggmmbbnnkkaankkanaffppffggffaaeebfbfggeeaajjooaaddaahh,64,ONLY_EDGE_INFORMATION_PROPOSED,0,VPKDTreeMinkowski+Transformed,11.7805,,0
labour.bpmn,labour.xes,iiffbbmmffggmmbbnnkkaankkanaffppffggffaaeebfbfggeeaajjooaaddaahh,64,ONLY_EDGE_INFORMATION_PROPOSED,0,VPTree+Embedding,20.0329,,0
labour.bpmn,labour.xes,iiffbbmmffggmmbbnnkkaankkanaffppffggffaaeebfbfggeeaajjooaaddaahh,64,ONLY_EDGE_INFORMATION_PROPOSED,0,VPKDTreeMinkowski+Embedding,3.02401,,0
labour.bpmn,labour.xes,iiddbbffggakaffggmmbbnnkffggffggmmddggffggaaccllbbaabbddaaddaaeebbaahh,70,ONLY_EDGE_INFORMATION_PROPOSED,0,VPTree+Metric,40.8535,,0
labour.bpmn,labour.xes,iiddbbffggakaffggmmbbnnkffggffggmmddggffggaaccllbbaabbddaaddaaeebbaahh,70,ONLY_EDGE_INFORMATION_PROPOSED,0,VPTree+Transformed,9.54898,,0
labour.bpmn,labour.xes,iiddbbffggakaffggmmbbnnkffggffggmmddggffggaaccllbbaabbddaaddaaeebbaahh,70,ONLY_EDGE_INFORMATION_PROPOSED,0,VPKDTreeMinkowski+Transformed,11.8739,,0
labour.bpmn,labour.xes,iiddbbffggakaffggmmbbnnkffggffggmmddggffggaaccllbbaabbddaaddaaeebbaahh,70,ONLY_EDGE_INFORMATION_PROPOSED,0,VPTree+Embedding,18.8621,,0
labour.bpmn,labour.xes,iiddbbffggakaffggmmbbnnkffggffggmmddggffggaaccllbbaabbddaaddaaeebbaahh,70,ONLY_EDGE_INFORMATION_PROPOSED,0,VPKDTreeMinkowski+Embedding,2.93265,,0
labour.bpmn,labour.xes,iiggffggbbmmbbnnkkggffggffbbffggaaeeddaaddaabffbbbggffeeaabbaaddeeooaabbffggffhh,80,ONLY_EDGE_INFORMATION_PROPOSED,0,VPTree+Metric,40.8535,,0
labour.bpmn,labour.xes,iiggffggbbmmbbnnkkggffggffbbffggaaeeddaaddaabffbbbggffeeaabbaaddeeooaabbffggffhh,80,ONLY_EDGE_INFORMATION_PROPOSED,0,VPTree+Transformed,10.8285,,0
labour.bpmn,labour.xes,iiggffggbbmmbbnnkkggffggffbbffggaaeeddaaddaabffbbbggffeeaabbaaddeeooaabbffggffhh,80,ONLY_EDGE_INFORMATION_PROPOSED,0,VPKDTreeMinkowski+Transformed,12.6673,,0
labour.bpmn,labour.xes,iiggffggbbmmbbnnkkggffggffbbffggaaeeddaaddaabffbbbggffeeaabbaaddeeooaabbffggffhh,80,ONLY_EDGE_INFORMATION_PROPOSED,0,VPTree+Embedding,21.5313,,0
labour.bpmn,labour.xes,iiggffggbbmmbbnnkkggffggffbbffggaaeeddaaddaabffbbbggffeeaabbaaddeeooaabbffggffhh,80,ONLY_EDGE_INFORMATION_PROPOSED,0,VPKDTreeMinkowski+Embedding,3.61877,,0
labour.bpmn,labour.xes,iiffaabbffbbmmbbnnkkaaffppggffggffaaddbbffaaclclaaddbfbfaaeeaabffbggaaddaaffggjojoffaabbaahh,92,ONLY_EDGE_INFORMATION_PROPOSED,0,VPTree+Metric,40.8535,,0
labour.bpmn,labour.xes,iiffaabbffbbmmbbnnkkaaffppggffggffaaddbbffaaclclaaddbfbfaaeeaabffbggaaddaaffggjojoffaabbaahh,92,ONLY_EDGE_INFORMATION_PROPOSED,0,VPTree+Transformed,13.1478,,0
labour.bpmn,labour.xes,iiffaabbffbbmmbbnnkkaaffppggffggffaaddbbffaaclclaaddbfbfaaeeaabffbggaaddaaffggjojoffaabbaahh,92,ONLY_EDGE_INFORMATION_PROPOSED,0,VPKDTreeMinkowski+Transformed,16.6104,,0
labour.bpmn,labour.xes,iiffaabbffbbmmbbnnkkaaffppggffggffaaddbbffaaclclaaddbfbfaaeeaabffbggaaddaaffggjojoffaabbaahh,92,ONLY_EDGE_INFORMATION_PROPOSED,0,VPTree+Embedding,24.2532,,0
labour.bpmn,labour.xes,iiffaabbffbbmmbbnnkkaaffppggffggffaaddbbffaaclclaaddbfbfaaeeaabffbggaaddaaffggjojoffaabbaahh,92,ONLY_EDGE_INFORMATION_PROPOSED,0,VPKDTreeMinkowski+Embedding,4.98419,,0
labour.bpmn,labour.xes,iimmffbffbppnnkkaaffeeaaffaaffaahh,34,ONLY_EDGE_INFORMATION_PREVIOUS,0,VPTree+Metric,38.1467,,0
labour.bpmn,labour.xes,iimmffbffbppnnkkaaffeeaaffaaffaahh,34,ONLY_EDGE_INFORMATION_PREVIOUS,0,VPTree+Transformed,7.16422,,0
labour.bpmn,labour.xes,iimmffbffbppnnkkaaffeeaaffaaffaahh,34,ONLY_EDGE_INFORMATION_PREVIOUS,0,VPKDTreeMinkowski+Transformed,9.6477,,0
labour.bpmn,labour.xes,iimmffbffbppnnkkaaffeeaaffaaffaahh,34,ONLY_EDGE_INFORMATION_PREVIOUS,0,VPTree+Embedding,21.658,,0
labour.bpmn,labour.xes,iimmffbffbppnnkkaaffeeaaffaaffaahh,34,ONLY_EDGE_INFORMATION_PREVIOUS,0,VPKDTreeMinkowski+Embedding,2.11384,,0
labour.bpmn,labour.xes,iibbmmbnnkbkffddaabbddaaccllaabbeeaahh,38,ONLY_EDGE_INFORMATION_PREVIOUS,0,VPTree+Metric,38.1467,,0
labour.bpmn,labour.xes,iibbmmbnnkbkffddaabbddaaccllaabbeeaahh,38,ONLY_EDGE_INFORMATION_PREVIOUS,0,VPTree+Transformed,8.63807,,0
labour.bpmn,labour.xes,iibbmmbnnkbkffddaabbddaaccllaabbeeaahh,38,ONLY_EDGE_INFORMATION_PREVIOUS,0,VPKDTreeMinkowski+Transformed,9.1094,,0
labour.bpmn,labour.xes,iibbmmbnnkbkffddaabbddaaccllaabbeeaahh,38,ONLY_EDGE_INFORMATION_PREVIOUS,0,VPTree+Embedding,18.8221,,0
labour.bpmn,labour.xes,iibbmmbnnkbkffddaabbddaaccllaabbeeaahh,38,ONLY_EDGE_INFORMATION_PREVIOUS,0,VPKDTreeMinkowski+Embedding,1.04738,,0
labour.bpmn,labour.xes,iillmmffppnnkkaaccaabfbfeeaababaffaahh,38,ONLY_EDGE_INFORMATION_PREVIOUS,0,VPTree+Metric,38.1467,,0
labour.bpmn,labour.xes,iillmmffppnnkkaaccaabfbfeeaababaffaahh,38,ONLY_EDGE_INFORMATION_PREVIOUS,0,VPTree+Transformed,7.24743,,0
labour.bpmn,labour.xes,iillmmffppnnkkaaccaabfbfeeaababaffaahh,38,ONLY_EDGE_INFORMATION_PREVIOUS,0,VPKDTreeMinkowski+Transformed,9.19826,,0
labour.bpmn,labour.xes,iillmmffppnnkkaaccaabfbfeeaababaffaahh,38,ONLY_EDGE_INFORMATION_PREVIOUS,0,VPTree+Embedding,23.4995,,0
labour.bpmn,labour.xes,iillmmffppnnkkaaccaabfbfeeaababaffaahh,38,ONLY_EDGE_INFORMATION_PREVIOUS,0,VPKDTreeMinkowski+Embedding,2.61065,,0
labour.bpmn,labour.xes,iibbmmbbmkmbbnnkppffggffbbeeaaeebbaaeehh,40,ONLY_EDGE_INFORMATION_PREVIOUS,0,VPTree+Metric,38.1467,,0
labour.bpmn,labour.xes,iibbmmbbmkmbbnnkppffggffbbeeaaeebbaaeehh,40,ONLY_EDGE_INFORMATION_PREVIOUS,0,VPTree+Transformed,12.2055,,0
labour.bpmn,labour.xes,iibbmmbbmkmbbnnkppffggffbbeeaaeebbaaeehh,40,ONLY_EDGE_INFORMATION_PREVIOUS,0,VPKDTreeMinkowski+Transformed,15.4112,,0
labour.bpmn,labour.xes,iibbmmbbmkmbbnnkppffggffbbeeaaeebbaaeehh,40,ONLY_EDGE_INFORMATION_PREVIOUS,0,VPTree+Embedding,34.2145,,0
labour.bpmn,labour.xes,iibbmmbbmkmbbnnkppffggffbbeeaaeebbaaeehh,40,ONLY_EDGE_INFORMATION_PREVIOUS,0,VPKDTreeMinkowski+Embedding,3.54645,,0
labour.bpmn,labour.xes,iimmfbfbppnnkkffaaffbbeeaabbccllffaaddaahh,42,ONLY_EDGE_INFORMATION_PREVIOUS,0,VPTree+Metric,38.1467,,0
labour.bpmn,labour.xes,iimmfbfbppnnkkffaaffbbeeaabbccllffaaddaahh,42,ONLY_EDGE_INFORMATION_PREVIOUS,0,VPTree+Transformed,11.7292,,0
labour.bpmn,labour.xes,iimmfbfbppnnkkffaaffbbeeaabbccllffaaddaahh,42,ONLY_EDGE_INFORMATION_PREVIOUS,0,VPKDTreeMinkowski+Transformed,13.85,,0
labour.bpmn,labour.xes,iimmfbfbppnnkkffaaffbbeeaabbccllffaaddaahh,42,ONLY_EDGE_INFORMATION_PREVIOUS,0,VPTree+Embedding,30.7298,,0
labour.bpmn,labour.xes,iimmfbfbppnnkkffaaffbbeeaabbccllffaaddaahh,42,ONLY_EDGE_INFORMATION_PREVIOUS,0,VPKDTreeMinkowski+Embedding,3.13871,,0
labour.bpmn,labour.xes,iiffmmbbffppnnkkaaffeeaabbaaffaaeeaaffaahh,42,ONLY_EDGE_INFORMATION_PREVIOUS,0,VPTree+Metric,38.1467,,0
labour.bpmn,labour.xes,iiffmmbbffppnnkkaaffeeaabbaaffaaeeaaffaahh,42,ONLY_EDGE_INFORMATION_PREVIOUS,0,VPTree+Transformed,7.47684,,0
labour.bpmn,labour.xes,iiffmmbbffppnnkkaaffeeaabbaaffaaeeaaffaahh,42,ONLY_EDGE_INFORMATION_PREVIOUS,0,VPKDTreeMinkowski+Transformed,9.15524,,0
labour.bpmn,labour.xes,iiffmmbbffppnnkkaaffeeaabbaaffaaeeaaffaahh,42,ONLY_EDGE_INFORMATION_PREVIOUS,0,VPTree+Embedding,22.561,,0
labour.bpmn,labour.xes,iiffmmbbffppnnkkaaffeeaabbaaffaaeeaaffaahh,42,ONLY_EDGE_INFORMATION_PREVIOUS,0,VPKDTreeMinkowski+Embedding,0.790945,,0
labour.bpmn,labour.xes,iiffaaffmmbffbppnnkkaaccllaaffaababaddaabbaahh,46,ONLY_EDGE_INFORMATION_PREVIOUS,0,VPTree+Metric,38.1467,,0
labour.bpmn,labour.xes,iiffaaffmmbffbppnnkkaaccllaaffaababaddaabbaahh,46,ONLY_EDGE_INFORMATION_PREVIOUS,0,VPTree+Transformed,11.0435,,0
labour.bpmn,labour.xes,iiffaaffmmbffbppnnkkaaccllaaffaababaddaabbaahh,46,ONLY_EDGE_INFORMATION_PREVIOUS,0,VPKDTreeMinkowski+Transformed,15.289,,0
labour.bpmn,labour.xes,iiffaaffmmbffbppnnkkaaccllaaffaababaddaabbaahh,46,ONLY_EDGE_INFORMATION_PREVIOUS,0,VPTree+Embedding,30.3468,,0
labour.bpmn,labour.xes,iiffaaffmmbffbppnnkkaaccllaaffaababaddaabbaahh,46,ONLY_EDGE_INFORMATION_PREVIOUS,0,VPKDTreeMinkowski+Embedding,1.4339,,0
labour.bpmn,labour.xes,iibbffmmbbffppnnkkaaccllffaabbffaaffaaddffaahh,46,ONLY_EDGE_INFORMATION_PREVIOUS,0,VPTree+Metric,38.1467,,0
labour.bpmn,labour.xes,iibbffmmbbffppnnkkaaccllffaabbffaaffaaddffaahh,46,ONLY_EDGE_INFORMATION_PREVIOUS,0,VPTree+Transformed,7.34319,,0
labour.bpmn,labour.xes,iibbffmmbbffppnnkkaaccllffaabbffaaffaaddffaahh,46,ONLY_EDGE_INFORMATION_PREVIOUS,0,VPKDTreeMinkowski+Transformed,12.0124,,0
labour.bpmn,labour.xes,iibbffmmbbffppnnkkaaccllffaabbffaaffaaddffaahh,46,ONLY_EDGE_INFORMATION_PREVIOUS,0,VPTree+Embedding,23.657,,0
labour.bpmn,labour.xes,iibbffmmbbffppnnkkaaccllffaabbffaaffaaddffaahh,46,ONLY_EDGE_INFORMATION_PREVIOUS,0,VPKDTreeMinkowski+Embedding,4.15873,,0
labour.bpmn,labour.xes,iiggffggbffbggmmbbnnaaffbbffeeaaccllaaddaabbeehh,48,ONLY_EDGE_INFORMATION_PREVIOUS,0,VPTree+Metric,38.1467,,0
labour.bpmn,labour.xes,iiggffggbffbggmmbbnnaaffbbffeeaaccllaaddaabbeehh,48,ONLY_EDGE_INFORMATION_PREVIOUS,0,VPTree+Transformed,6.79483,,0
labour.bpmn,labour.xes,iiggffggbffbggmmbbnnaaffbbffeeaaccllaaddaabbeehh,48,ONLY_EDGE_INFORMATION_PREVIOUS,0,VPKDTreeMinkowski+Transformed,7.96346,,0
labour.bpmn,labour.xes,iiggffggbffbggmmbbnnaaffbbffeeaaccllaaddaabbeehh,48,ONLY_EDGE_INFORMATION_PREVIOUS,0,VPTree+Embedding,15.5108,,0
labour.bpmn,labour.xes,iiggffggbffbggmmbbnnaaffbbffeeaaccllaaddaabbeehh,48,ONLY_EDGE_INFORMATION_PREVIOUS,0,VPKDTreeMinkowski+Embedding,0.857142,,0
labour.bpmn,labour.xes,iiddggffggmmbbnnkkddaaddffaabbccllaaddaaddaaffbbeehh,52,ONLY_EDGE_INFORMATION_PREVIOUS,0,VPTree+Metric,38.1467,,0
labour.bpmn,labour.xes,iiddggffggmmbbnnkkddaaddffaabbccllaaddaaddaaffbbeehh,52,ONLY_EDGE_INFORMATION_PREVIOUS,0,VPTree+Transformed,12.3733,,0
labour.bpmn,labour.xes,iiddggffggmmbbnnkkddaaddffaabbccllaaddaaddaaffbbeehh,52,ONLY_EDGE_INFORMATION_PREVIOUS,0,VPKDTreeMinkowski+Transformed,11.3335,,0
labour.bpmn,labour.xes,iiddggffggmmbbnnkkddaaddffaabbccllaaddaaddaaffbbeehh,52,ONLY_EDGE_INFORMATION_PREVIOUS,0,VPTree+Embedding,20.2148,,0
labour.bpmn,labour.xes,iiddggffggmmbbnnkkddaaddffaabbccllaaddaaddaaffbbeehh,52,ONLY_EDGE_INFORMATION_PREVIOUS,0,VPKDTreeMinkowski+Embedding,1.23702,,0
labour.bpmn,labour.xes,iimmbbffppnnkkffaaddaabffbccllffaabbddaaffbabaeeaahh,52,ONLY_EDGE_INFORMATION_PREVIOUS,0,VPTree+Metric,38.1467,,0
labour.bpmn,labour.xes,iimmbbffppnnkkffaaddaabffbccllffaabbddaaffbabaeeaahh,52,ONLY_EDGE_INFORMATION_PREVIOUS,0,VPTree+Transformed,8.61957,,0
labour.bpmn,labour.xes,iimmbbffppnnkkffaaddaabffbccllffaabbddaaffbabaeeaahh,52,ONLY_EDGE_INFORMATION_PREVIOUS,0,VPKDTreeMinkowski+Transformed,10.4738,,0
labour.bpmn,labour.xes,iimmbbffppnnkkffaaddaabffbccllffaabbddaaffbabaeeaahh,52,ONLY_EDGE_INFORMATION_PREVIOUS,0,VPTree+Embedding,18.958,,0
labour.bpmn,labour.xes,iimmbbffppnnkkffaaddaabffbccllffaabbddaaffbabaeeaahh,52,ONLY_EDGE_INFORMATION_PREVIOUS,0,VPKDTreeMinkowski+Embedding,1.98352,,0
labour.bpmn,labour.xes,iiffaabbmmbbffppnnkkaaccllaaffbabaffeeffbbaaddbbaaffaahh,56,ONLY_EDGE_INFORMATION_PREVIOUS,0,VPTree+Metric,38.1467,,0
labour.bpmn,labour.xes,iiffaabbmmbbffppnnkkaaccllaaffbabaffeeffbbaaddbbaaffaahh,56,ONLY_EDGE_INFORMATION_PREVIOUS,0,VPTree+Transformed,8.83005,,0
labour.bpmn,labour.xes,iiffaabbmmbbffppnnkkaaccllaaffbabaffeeffbbaaddbbaaffaahh,56,ONLY_EDGE_INFORMATION_PREVIOUS,0,VPKDTreeMinkowski+Transformed,11.2426,,0
labour.bpmn,labour.xes,iiffaabbmmbbffppnnkkaaccllaaffbabaffeeffbbaaddbbaaffaahh,56,ONLY_EDGE_INFORMATION_PREVIOUS,0,VPTree+Embedding,19.1003,,0
labour.bpmn,labour.xes,iiffaabbmmbbffppnnkkaaccllaaffbabaffeeffbbaaddbbaaffaahh,56,ONLY_EDGE_INFORMATION_PREVIOUS,0,VPKDTreeMinkowski+Embedding,0.944232,,0
labour.bpmn,labour.xes,iiaaggffbffbggmmnnkkppffggffggddeeaacllcbbeebbddaaffggeehh,58,ONLY_EDGE_INFORMATION_PREVIOUS,0,VPTree+Metric,38.1467,,0
labour.bpmn,labour.xes,iiaaggffbffbggmmnnkkppffggffggddeeaacllcbbeebbddaaffggeehh,58,ONLY_EDGE_INFORMATION_PREVIOUS,0,VPTree+Transformed,16.7868,,0
labour.bpmn,labour.xes,iiaaggffbffbggmmnnkkppffggffggddeeaacllcbbeebbddaaffggeehh,58,ONLY_EDGE_INFORMATION_PREVIOUS,0,VPKDTreeMinkowski+Transformed,16.6657,,0
labour.bpmn,labour.xes,iiaaggffbffbggmmnnkkppffggffggddeeaacllcbbeebbddaaffggeehh,58,ONLY_EDGE_INFORMATION_PREVIOUS,0,VPTree+Embedding,31.8374,,0
labour.bpmn,labour.xes,iiaaggffbffbggmmnnkkppffggffggddeeaacllcbbeebbddaaffggeehh,58,ONLY_EDGE_INFORMATION_PREVIOUS,0,VPKDTreeMinkowski+Embedding,3.21749,,0
labour.bpmn,labour.xes,iimmggffmmnnkkbbffggffggffggffbbeeaaffbbaaddaabffbggaajoohhj,60,ONLY_EDGE_INFORMATION_PREVIOUS,0,VPTree+Metric,38.1467,,0
labour.bpmn,labour.xes,iimmggffmmnnkkbbffggffggffggffbbeeaaffbbaaddaabffbggaajoohhj,60,ONLY_EDGE_INFORMATION_PREVIOUS,0,VPTree+Transformed,14.5845,,0
labour.bpmn,labour.xes,iimmggffmmnnkkbbffggffggffggffbbeeaaffbbaaddaabffbggaajoohhj,60,ONLY_EDGE_INFORMATION_PREVIOUS,0,VPKDTreeMinkowski+Transformed,17.7411,,0
labour.bpmn,labour.xes,iimmggffmmnnkkbbffggffggffggffbbeeaaffbbaaddaabffbggaajoohhj,60,ONLY_EDGE_INFORMATION_PREVIOUS,0,VPTree+Embedding,32.3072,,0
labour.bpmn,labour.xes,iimmggffmmnnkkbbffggffggffggffbbeeaaffbbaaddaabffbggaajoohhj,60,ONLY_EDGE_INFORMATION_PREVIOUS,0,VPKDTreeMinkowski+Embedding,3.3794,,0
labour.bpmn,labour.xes,iibbmmbbnnkkaaffppbbffggffggaaggffggfbfbeebbddaajjooffggddaahh,62,ONLY_EDGE_INFORMATION_PREVIOUS,0,VPTree+Metric,38.1467,,0
labour.bpmn,labour.xes,iibbmmbbnnkkaaffppbbffggffggaaggffggfbfbeebbddaajjooffggddaahh,62,ONLY_EDGE_INFORMATION_PREVIOUS,0,VPTree+Transformed,13.5043,,0
labour.bpmn,labour.xes,iibbmmbbnnkkaaffppbbffggffggaaggffggfbfbeebbddaajjooffggddaahh,62,ONLY_EDGE_INFORMATION_PREVIOUS,0,VPKDTreeMinkowski+Transformed,16.0795,,0
labour.bpmn,labour.xes,iibbmmbbnnkkaaffppbbffggffggaaggffggfbfbeebbddaajjooffggddaahh,62,ONLY_EDGE_INFORMATION_PREVIOUS,0,VPTree+Embedding,29.9391,,0
labour.bpmn,labour.xes,iibbmmbbnnkkaaffppbbffggffggaaggffggfbfbeebbddaajjooffggddaahh,62,ONLY_EDGE_INFORMATION_PREVIOUS,0,VPKDTreeMinkowski+Embedding,3.11027,,0
labour.bpmn,labour.xes,iiffbfbfmmaammbbmmnnkkbffbggffppffggddaaeeaaclclbfbfggeejjoohh,62,ONLY_EDGE_INFORMATION_PREVIOUS,0,VPTree+Metric,38.1467,,0
labour.bpmn,labour.xes,iiffbfbfmmaammbbmmnnkkbffbggffppffggddaaeeaaclclbfbfggeejjoohh,62,ONLY_EDGE_INFORMATION_PREVIOUS,0,VPTree+Transformed,14.9384,,0
labour.bpmn,labour.xes,iiffbfbfmmaammbbmmnnkkbffbggffppffggddaaeeaaclclbfbfggeejjoohh,62,ONLY_EDGE_INFORMATION_PREVIOUS,0,VPKDTreeMinkowski+Transformed,17.2368,,0
labour.bpmn,labour.xes,iiffbfbfmmaammbbmmnnkkbffbggffppffggddaaeeaaclclbfbfggeejjoohh,62,ONLY_EDGE_INFORMATION_PREVIOUS,0,VPTree+Embedding,32.9741,,0
labour.bpmn,labour.xes,iiffbfbfmmaammbbmmnnkkbffbggffppffggddaaeeaaclclbfbfggeejjoohh,62,ONLY_EDGE_INFORMATION_PREVIOUS,0,VPKDTreeMinkowski+Embedding,2.0443,,0
labour.bpmn,labour.xes,iiffmmbbffppaannkkaaffeeccllffbababbaaeeaaddaaffbbaaffbffbaahh,62,ONLY_EDGE_INFORMATION_PREVIOUS,0,VPTree+Metric,38.1467,,0
labour.bpmn,labour.xes,iiffmmbbffppaannkkaaffeeccllffbababbaaeeaaddaaffbbaaffbffbaahh,62,ONLY_EDGE_INFORMATION_PREVIOUS,0,VPTree+Transformed,14.4778,,0
labour.bpmn,labour.xes,iiffmmbbffppaannkkaaffeeccllffbababbaaeeaaddaaffbbaaffbffbaahh,62,ONLY_EDGE_INFORMATION_PREVIOUS,0,VPKDTreeMinkowski+Transformed,17.945,,0
labour.bpmn,labour.xes,iiffmmbbffppaannkkaaffeeccllffbababbaaeeaaddaaffbbaaffbffbaahh,62,ONLY_EDGE_INFORMATION_PREVIOUS,0,VPTree+Embedding,30.8059,,0
labour.bpmn,labour.xes,iiffmmbbffppaannkkaaffeeccllffbababbaaeeaaddaaffbbaaffbffbaahh,62,ONLY_EDGE_INFORMATION_PREVIOUS,0,VPKDTreeMinkowski+Embedding,1.87144,,0
labour.bpmn,labour.xes,iiffbbmmffggmmbbnnkkaankkanaffppffggffaaeebfbfggeeaajjooaaddaahh,64,ONLY_EDGE_INFORMATION_PREVIOUS,0,VPTree+Metric,38.1467,,0
labour.bpmn,labour.xes,iiffbbmmffggmmbbnnkkaankkanaffppffggffaaeebfbfggeeaajjooaaddaahh,64,ONLY_EDGE_INFORMATION_PREVIOUS,0,VPTree+Transformed,15.0657,,0
labour.bpmn,labour.xes,iiffbbmmffggmmbbnnkkaankkanaffppffggffaaeebfbfggeeaajjooaaddaahh,64,ONLY_EDGE_INFORMATION_PREVIOUS,0,VPKDTreeMinkowski+Transformed,15.1723,,0
labour.bpmn,labour.xes,iiffbbmmffggmmbbnnkkaankkanaffppffggffaaeebfbfggeeaajjooaaddaahh,64,ONLY_EDGE_INFORMATION_PREVIOUS,0,VPTree+Embedding,25.4538,,0
labour.bpmn,labour.xes,iiffbbmmffggmmbbnnkkaankkanaffppffggffaaeebfbfggeeaajjooaaddaahh,64,ONLY_EDGE_INFORMATION_PREVIOUS,0,VPKDTreeMinkowski+Embedding,1.72399,,0
labour.bpmn,labour.xes,iiddbbffggakaffggmmbbnnkffggffggmmddggffggaaccllbbaabbddaaddaaeebbaahh,70,ONLY_EDGE_INFORMATION_PREVIOUS,0,VPTree+Metric,38.1467,,0
labour.bpmn,labour.xes,iiddbbffggakaffggmmbbnnkffggffggmmddggffggaaccllbbaabbddaaddaaeebbaahh,70,ONLY_EDGE_INFORMATION_PREVIOUS,0,VPTree+Transformed,16.1151,,0
labour.bpmn,labour.xes,iiddbbffggakaffggmmbbnnkffggffggmmddggffggaaccllbbaabbddaaddaaeebbaahh,70,ONLY_EDGE_INFORMATION_PREVIOUS,0,VPKDTreeMinkowski+Transformed,20.9991,,0
labour.bpmn,labour.xes,iiddbbffggakaffggmmbbnnkffggffggmmddggffggaaccllbbaabbddaaddaaeebbaahh,70,ONLY_EDGE_INFORMATION_PREVIOUS,0,VPTree+Embedding,32.9093,,0
labour.bpmn,labour.xes,iiddbbffggakaffggmmbbnnkffggffggmmddggffggaaccllbbaabbddaaddaaeebbaahh,70,ONLY_EDGE_INFORMATION_PREVIOUS,0,VPKDTreeMinkowski+Embedding,3.82286,,0
labour.bpmn,labour.xes,iiggffggbbmmbbnnkkggffggffbbffggaaeeddaaddaabffbbbggffeeaabbaaddeeooaabbffggffhh,80,ONLY_EDGE_INFORMATION_PREVIOUS,0,VPTree+Metric,38.1467,,0
labour.bpmn,labour.xes,iiggffggbbmmbbnnkkggffggffbbffggaaeeddaaddaabffbbbggffeeaabbaaddeeooaabbffggffhh,80,ONLY_EDGE_INFORMATION_PREVIOUS,0,VPTree+Transformed,11.159,,0
labour.bpmn,labour.xes,iiggffggbbmmbbnnkkggffggffbbffggaaeeddaaddaabffbbbggffeeaabbaaddeeooaabbffggffhh,80,ONLY_EDGE_INFORMATION_PREVIOUS,0,VPKDTreeMinkowski+Transformed,13.3615,,0
labour.bpmn,labour.xes,iiggffggbbmmbbnnkkggffggffbbffggaaeeddaaddaabffbbbggffeeaabbaaddeeooaabbffggffhh,80,ONLY_EDGE_INFORMATION_PREVIOUS,0,VPTree+Embedding,19.7439,,0
labour.bpmn,labour.xes,iiggffggbbmmbbnnkkggffggffbbffggaaeeddaaddaabffbbbggffeeaabbaaddeeooaabbffggffhh,80,ONLY_EDGE_INFORMATION_PREVIOUS,0,VPKDTreeMinkowski+Embedding,2.25774,,0
labour.bpmn,labour.xes,iiffaabbffbbmmbbnnkkaaffppggffggffaaddbbffaaclclaaddbfbfaaeeaabffbggaaddaaffggjojoffaabbaahh,92,ONLY_EDGE_INFORMATION_PREVIOUS,0,VPTree+Metric,38.1467,,0
labour.bpmn,labour.xes,iiffaabbffbbmmbbnnkkaaffppggffggffaaddbbffaaclclaaddbfbfaaeeaabffbggaaddaaffggjojoffaabbaahh,92,ONLY_EDGE_INFORMATION_PREVIOUS,0,VPTree+Transformed,15.6142,,0
labour.bpmn,labour.xes,iiffaabbffbbmmbbnnkkaaffppggffggffaaddbbffaaclclaaddbfbfaaeeaabffbggaaddaaffggjojoffaabbaahh,92,ONLY_EDGE_INFORMATION_PREVIOUS,0,VPKDTreeMinkowski+Transformed,14.924,,0
labour.bpmn,labour.xes,iiffaabbffbbmmbbnnkkaaffppggffggffaaddbbffaaclclaaddbfbfaaeeaabffbggaaddaaffggjojoffaabbaahh,92,ONLY_EDGE_INFORMATION_PREVIOUS,0,VPTree+Embedding,21.3009,,0
labour.bpmn,labour.xes,iiffaabbffbbmmbbnnkkaaffppggffggffaaddbbffaaclclaaddbfbfaaeeaabffbggaaddaaffggjojoffaabbaahh,92,ONLY_EDGE_INFORMATION_PREVIOUS,0,VPKDTreeMinkowski+Embedding,1.66563,,0
