labour.bpmn,labour.xes,iimmffbffbppnnkkaaffeeaaffaaffaahh,34,ONLY_EDGE_INFORMATION_PROPOSED,0,VPTree+Metric,38.0903,,0
labour.bpmn,labour.xes,iimmffbffbppnnkkaaffeeaaffaaffaahh,34,ONLY_EDGE_INFORMATION_PROPOSED,0,VPTree+Transformed,5.87578,,0
labour.bpmn,labour.xes,iimmffbffbppnnkkaaffeeaaffaaffaahh,34,ONLY_EDGE_INFORMATION_PROPOSED,0,VPKDTreeMinkowski+Transformed,8.4512,,0
labour.bpmn,labour.xes,iimmffbffbppnnkkaaffeeaaffaaffaahh,34,ONLY_EDGE_INFORMATION_PROPOSED,0,VPTree+Embedding,21.8841,,0
labour.bpmn,labour.xes,iimmffbffbppnnkkaaffeeaaffaaffaahh,34,ONLY_EDGE_INFORMATION_PROPOSED,0,VPKDTreeMinkowski+Embedding,2.3974,,0
labour.bpmn,labour.xes,iibbmmbnnkbkffddaabbddaaccllaabbeeaahh,38,ONLY_EDGE_INFORMATION_PROPOSED,0,VPTree+Metric,38.0903,,0
labour.bpmn,labour.xes,iibbmmbnnkbkffddaabbddaaccllaabbeeaahh,38,ONLY_EDGE_INFORMATION_PROPOSED,0,VPTree+Transformed,10.5384,,0
labour.bpmn,labour.xes,iibbmmbnnkbkffddaabbddaaccllaabbeeaahh,38,ONLY_EDGE_INFORMATION_PROPOSED,0,VPKDTreeMinkowski+Transformed,12.8362,,0
labour.bpmn,labour.xes,iibbmmbnnkbkffddaabbddaaccllaabbeeaahh,38,ONLY_EDGE_INFORMATION_PROPOSED,0,VPTree+Embedding,28.4863,,0
labour.bpmn,labour.xes,iibbmmbnnkbkffddaabbddaaccllaabbeeaahh,38,ONLY_EDGE_INFORMATION_PROPOSED,0,VPKDTreeMinkowski+Embedding,3.47732,,0
labour.bpmn,labour.xes,iillmmffppnnkkaaccaabfbfeeaababaffaahh,38,ONLY_EDGE_INFORMATION_PROPOSED,0,VPTree+Metric,38.0903,,0
labour.bpmn,labour.xes,iillmmffppnnkkaaccaabfbfeeaababaffaahh,38,ONLY_EDGE_INFORMATION_PROPOSED,0,VPTree+Transformed,7.97187,,0
labour.bpmn,labour.xes,iillmmffppnnkkaaccaabfbfeeaababaffaahh,38,ONLY_EDGE_INFORMATION_PROPOSED,0,VPKDTreeMinkowski+Transformed,9.05148,,0
labour.bpmn,labour.xes,iillmmffppnnkkaaccaabfbfeeaababaffaahh,38,ONLY_EDGE_INFORMATION_PROPOSED,0,VPTree+Embedding,19.1194,,0
labour.bpmn,labour.xes,iillmmffppnnkkaaccaabfbfeeaababaffaahh,38,ONLY_EDGE_INFORMATION_PROPOSED,0,VPKDTreeMinkowski+Embedding,2.25965,,0
labour.bpmn,labour.xes,iibbmmbbmkmbbnnkppffggffbbeeaaeebbaaeehh,40,ONLY_EDGE_INFORMATION_PROPOSED,0,VPTree+Metric,38.0903,,0
labour.bpmn,labour.xes,iibbmmbbmkmbbnnkppffggffbbeeaaeebbaaeehh,40,ONLY_EDGE_INFORMATION_PROPOSED,0,VPTree+Transformed,6.96372,,0
labour.bpmn,labour.xes,iibbmmbbmkmbbnnkppffggffbbeeaaeebbaaeehh,40,ONLY_EDGE_INFORMATION_PROPOSED,0,VPKDTreeMinkowski+Transformed,8.407,,0
labour.bpmn,labour.xes,iibbmmbbmkmbbnnkppffggffbbeeaaeebbaaeehh,40,ONLY_EDGE_INFORMATION_PROPOSED,0,VPTree+Embedding,17.8474,,0
labour.bpmn,labour.xes,iibbmmbbmkmbbnnkppffggffbbeeaaeebbaaeehh,40,ONLY_EDGE_INFORMATION_PROPOSED,0,VPKDTreeMinkowski+Embedding,2.17264,,0
labour.bpmn,labour.xes,iimmfbfbppnnkkffaaffbbeeaabbccllffaaddaahh,42,ONLY_EDGE_INFORMATION_PROPOSED,0,VPTree+Metric,38.0903,,0
labour.bpmn,labour.xes,iimmfbfbppnnkkffaaffbbeeaabbccllffaaddaahh,42,ONLY_EDGE_INFORMATION_PROPOSED,0,VPTree+Transformed,12.6173,,0
labour.bpmn,labour.xes,iimmfbfbppnnkkffaaffbbeeaabbccllffaaddaahh,42,ONLY_EDGE_INFORMATION_PROPOSED,0,VPKDTreeMinkowski+Transformed,15.3122,,0
labour.bpmn,labour.xes,iimmfbfbppnnkkffaaffbbeeaabbccllffaaddaahh,42,ONLY_EDGE_INFORMATION_PROPOSED,0,VPTree+Embedding,32.5729,,0
labour.bpmn,labour.xes,iimmfbfbppnnkkffaaffbbeeaabbccllffaaddaahh,42,ONLY_EDGE_INFORMATION_PROPOSED,0,VPKDTreeMinkowski+Embedding,4.07347,,0
labour.bpmn,labour.xes,iiffmmbbffppnnkkaaffeeaabbaaffaaeeaaffaahh,42,ONLY_EDGE_INFORMATION_PROPOSED,0,VPTree+Metric,38.0903,,0
labour.bpmn,labour.xes,iiffmmbbffppnnkkaaffeeaabbaaffaaeeaaffaahh,42,ONLY_EDGE_INFORMATION_PROPOSED,0,VPTree+Transformed,12.7347,,0
labour.bpmn,labour.xes,iiffmmbbffppnnkkaaffeeaabbaaffaaeeaaffaahh,42,ONLY_EDGE_INFORMATION_PROPOSED,0,VPKDTreeMinkowski+Transformed,14.4771,,0
labour.bpmn,labour.xes,iiffmmbbffppnnkkaaffeeaabbaaffaaeeaaffaahh,42,ONLY_EDGE_INFORMATION_PROPOSED,0,VPTree+Embedding,28.0468,,0
labour.bpmn,labour.xes,iiffmmbbffppnnkkaaffeeaabbaaffaaeeaaffaahh,42,ONLY_EDGE_INFORMATION_PROPOSED,0,VPKDTreeMinkowski+Embedding,4.33547,,0
labour.bpmn,labour.xes,iiffaaffmmbffbppnnkkaaccllaaffaababaddaabbaahh,46,ONLY_EDGE_INFORMATION_PROPOSED,0,VPTree+Metric,38.0903,,0
labour.bpmn,labour.xes,iiffaaffmmbffbppnnkkaaccllaaffaababaddaabbaahh,46,ONLY_EDGE_INFORMATION_PROPOSED,0,VPTree+Transformed,481.584,,0
labour.bpmn,labour.xes,iiffaaffmmbffbppnnkkaaccllaaffaababaddaabbaahh,46,ONLY_EDGE_INFORMATION_PROPOSED,0,VPKDTreeMinkowski+Transformed,11.7466,,0
labour.bpmn,labour.xes,iiffaaffmmbffbppnnkkaaccllaaffaababaddaabbaahh,46,ONLY_EDGE_INFORMATION_PROPOSED,0,VPTree+Embedding,31.0405,,0
labour.bpmn,labour.xes,iiffaaffmmbffbppnnkkaaccllaaffaababaddaabbaahh,46,ONLY_EDGE_INFORMATION_PROPOSED,0,VPKDTreeMinkowski+Embedding,3.80806,,0
labour.bpmn,labour.xes,iibbffmmbbffppnnkkaaccllffaabbffaaffaaddffaahh,46,ONLY_EDGE_INFORMATION_PROPOSED,0,VPTree+Metric,38.0903,,0
labour.bpmn,labour.xes,iibbffmmbbffppnnkkaaccllffaabbffaaffaaddffaahh,46,ONLY_EDGE_INFORMATION_PROPOSED,0,VPTree+Transformed,19.8333,,0
labour.bpmn,labour.xes,iibbffmmbbffppnnkkaaccllffaabbffaaffaaddffaahh,46,ONLY_EDGE_INFORMATION_PROPOSED,0,VPKDTreeMinkowski+Transformed,15.3687,,0
labour.bpmn,labour.xes,iibbffmmbbffppnnkkaaccllffaabbffaaffaaddffaahh,46,ONLY_EDGE_INFORMATION_PROPOSED,0,VPTree+Embedding,31.4196,,0
labour.bpmn,labour.xes,iibbffmmbbffppnnkkaaccllffaabbffaaffaaddffaahh,46,ONLY_EDGE_INFORMATION_PROPOSED,0,VPKDTreeMinkowski+Embedding,4.15705,,0
labour.bpmn,labour.xes,iiggffggbffbggmmbbnnaaffbbffeeaaccllaaddaabbeehh,48,ONLY_EDGE_INFORMATION_PROPOSED,0,VPTree+Metric,38.0903,,0
labour.bpmn,labour.xes,iiggffggbffbggmmbbnnaaffbbffeeaaccllaaddaabbeehh,48,ONLY_EDGE_INFORMATION_PROPOSED,0,VPTree+Transformed,512.751,,0
labour.bpmn,labour.xes,iiggffggbffbggmmbbnnaaffbbffeeaaccllaaddaabbeehh,48,ONLY_EDGE_INFORMATION_PROPOSED,0,VPKDTreeMinkowski+Transformed,7.95483,,0
labour.bpmn,labour.xes,iiggffggbffbggmmbbnnaaffbbffeeaaccllaaddaabbeehh,48,ONLY_EDGE_INFORMATION_PROPOSED,0,VPTree+Embedding,16.6054,,0
labour.bpmn,labour.xes,iiggffggbffbggmmbbnnaaffbbffeeaaccllaaddaabbeehh,48,ONLY_EDGE_INFORMATION_PROPOSED,0,VPKDTreeMinkowski+Embedding,2.31768,,0
labour.bpmn,labour.xes,iiddggffggmmbbnnkkddaaddffaabbccllaaddaaddaaffbbeehh,52,ONLY_EDGE_INFORMATION_PROPOSED,0,VPTree+Metric,38.0903,,0
labour.bpmn,labour.xes,iiddggffggmmbbnnkkddaaddffaabbccllaaddaaddaaffbbeehh,52,ONLY_EDGE_INFORMATION_PROPOSED,0,VPTree+Transformed,9.00133,,0
labour.bpmn,labour.xes,iiddggffggmmbbnnkkddaaddffaabbccllaaddaaddaaffbbeehh,52,ONLY_EDGE_INFORMATION_PROPOSED,0,VPKDTreeMinkowski+Transformed,10.8565,,0
labour.bpmn,labour.xes,iiddggffggmmbbnnkkddaaddffaabbccllaaddaaddaaffbbeehh,52,ONLY_EDGE_INFORMATION_PROPOSED,0,VPTree+Embedding,19.6664,,0
labour.bpmn,labour.xes,iiddggffggmmbbnnkkddaaddffaabbccllaaddaaddaaffbbeehh,52,ONLY_EDGE_INFORMATION_PROPOSED,0,VPKDTreeMinkowski+Embedding,2.58554,,0
labour.bpmn,labour.xes,iimmbbffppnnkkffaaddaabffbccllffaabbddaaffbabaeeaahh,52,ONLY_EDGE_INFORMATION_PROPOSED,0,VPTree+Metric,38.0903,,0
labour.bpmn,labour.xes,iimmbbffppnnkkffaaddaabffbccllffaabbddaaffbabaeeaahh,52,ONLY_EDGE_INFORMATION_PROPOSED,0,VPTree+Transformed,8.50887,,0
labour.bpmn,labour.xes,iimmbbffppnnkkffaaddaabffbccllffaabbddaaffbabaeeaahh,52,ONLY_EDGE_INFORMATION_PROPOSED,0,VPKDTreeMinkowski+Transformed,9.95937,,0
labour.bpmn,labour.xes,iimmbbffppnnkkffaaddaabffbccllffaabbddaaffbabaeeaahh,52,ONLY_EDGE_INFORMATION_PROPOSED,0,VPTree+Embedding,18.4658,,0
labour.bpmn,labour.xes,iimmbbffppnnkkffaaddaabffbccllffaabbddaaffbabaeeaahh,52,ONLY_EDGE_INFORMATION_PROPOSED,0,VPKDTreeMinkowski+Embedding,2.63594,,0
labour.bpmn,labour.xes,iiffaabbmmbbffppnnkkaaccllaaffbabaffeeffbbaaddbbaaffaahh,56,ONLY_EDGE_INFORMATION_PROPOSED,0,VPTree+Metric,38.0903,,0
labour.bpmn,labour.xes,iiffaabbmmbbffppnnkkaaccllaaffbabaffeeffbbaaddbbaaffaahh,56,ONLY_EDGE_INFORMATION_PROPOSED,0,VPTree+Transformed,9.00118,,0
labour.bpmn,labour.xes,iiffaabbmmbbffppnnkkaaccllaaffbabaffeeffbbaaddbbaaffaahh,56,ONLY_EDGE_INFORMATION_PROPOSED,0,VPKDTreeMinkowski+Transformed,10.8164,,0
labour.bpmn,labour.xes,iiffaabbmmbbffppnnkkaaccllaaffbabaffeeffbbaaddbbaaffaahh,56,ONLY_EDGE_INFORMATION_PROPOSED,0,VPTree+Embedding,19.6572,,0
labour.bpmn,labour.xes,iiffaabbmmbbffppnnkkaaccllaaffbabaffeeffbbaaddbbaaffaahh,56,ONLY_EDGE_INFORMATION_PROPOSED,0,VPKDTreeMinkowski+Embedding,2.6367,,0
labour.bpmn,labour.xes,iiaaggffbffbggmmnnkkppffggffggddeeaacllcbbeebbddaaffggeehh,58,ONLY_EDGE_INFORMATION_PROPOSED,0,VPTree+Metric,38.0903,,0
labour.bpmn,labour.xes,iiaaggffbffbggmmnnkkppffggffggddeeaacllcbbeebbddaaffggeehh,58,ONLY_EDGE_INFORMATION_PROPOSED,0,VPTree+Transformed,9.96752,,0
labour.bpmn,labour.xes,iiaaggffbffbggmmnnkkppffggffggddeeaacllcbbeebbddaaffggeehh,58,ONLY_EDGE_INFORMATION_PROPOSED,0,VPKDTreeMinkowski+Transformed,11.4923,,0
labour.bpmn,labour.xes,iiaaggffbffbggmmnnkkppffggffggddeeaacllcbbeebbddaaffggeehh,58,ONLY_EDGE_INFORMATION_PROPOSED,0,VPTree+Embedding,20.0086,,0
labour.bpmn,labour.xes,iiaaggffbffbggmmnnkkppffggffggddeeaacllcbbeebbddaaffggeehh,58,ONLY_EDGE_INFORMATION_PROPOSED,0,VPKDTreeMinkowski+Embedding,3.3815,,0
labour.bpmn,labour.xes,iimmggffmmnnkkbbffggffggffggffbbeeaaffbbaaddaabffbggaajoohhj,60,ONLY_EDGE_INFORMATION_PROPOSED,0,VPTree+Metric,38.0903,,0
labour.bpmn,labour.xes,iimmggffmmnnkkbbffggffggffggffbbeeaaffbbaaddaabffbggaajoohhj,60,ONLY_EDGE_INFORMATION_PROPOSED,0,VPTree+Transformed,569.537,,0
labour.bpmn,labour.xes,iimmggffmmnnkkbbffggffggffggffbbeeaaffbbaaddaabffbggaajoohhj,60,ONLY_EDGE_INFORMATION_PROPOSED,0,VPKDTreeMinkowski+Transformed,8.70479,,0
labour.bpmn,labour.xes,iimmggffmmnnkkbbffggffggffggffbbeeaaffbbaaddaabffbggaajoohhj,60,ONLY_EDGE_INFORMATION_PROPOSED,0,VPTree+Embedding,16.4428,,0
labour.bpmn,labour.xes,iimmggffmmnnkkbbffggffggffggffbbeeaaffbbaaddaabffbggaajoohhj,60,ONLY_EDGE_INFORMATION_PROPOSED,0,VPKDTreeMinkowski+Embedding,2.40134,,0
labour.bpmn,labour.xes,iibbmmbbnnkkaaffppbbffggffggaaggffggfbfbeebbddaajjooffggddaahh,62,ONLY_EDGE_INFORMATION_PROPOSED,0,VPTree+Metric,38.0903,,0
labour.bpmn,labour.xes,iibbmmbbnnkkaaffppbbffggffggaaggffggfbfbeebbddaajjooffggddaahh,62,ONLY_EDGE_INFORMATION_PROPOSED,0,VPTree+Transformed,8.95052,,0
labour.bpmn,labour.xes,iibbmmbbnnkkaaffppbbffggffggaaggffggfbfbeebbddaajjooffggddaahh,62,ONLY_EDGE_INFORMATION_PROPOSED,0,VPKDTreeMinkowski+Transformed,10.9147,,0
labour.bpmn,labour.xes,iibbmmbbnnkkaaffppbbffggffggaaggffggfbfbeebbddaajjooffggddaahh,62,ONLY_EDGE_INFORMATION_PROPOSED,0,VPTree+Embedding,19.4924,,0
labour.bpmn,labour.xes,iibbmmbbnnkkaaffppbbffggffggaaggffggfbfbeebbddaajjooffggddaahh,62,ONLY_EDGE_INFORMATION_PROPOSED,0,VPKDTreeMinkowski+Embedding,2.72644,,0
labour.bpmn,labour.xes,iiffbfbfmmaammbbmmnnkkbffbggffppffggddaaeeaaclclbfbfggeejjoohh,62,ONLY_EDGE_INFORMATION_PROPOSED,0,VPTree+Metric,38.0903,,0
labour.bpmn,labour.xes,iiffbfbfmmaammbbmmnnkkbffbggffppffggddaaeeaaclclbfbfggeejjoohh,62,ONLY_EDGE_INFORMATION_PROPOSED,0,VPTree+Transformed,9.16807,,0
labour.bpmn,labour.xes,iiffbfbfmmaammbbmmnnkkbffbggffppffggddaaeeaaclclbfbfggeejjoohh,62,ONLY_EDGE_INFORMATION_PROPOSED,0,VPKDTreeMinkowski+Transformed,11.1278,,0
labour.bpmn,labour.xes,iiffbfbfmmaammbbmmnnkkbffbggffppffggddaaeeaaclclbfbfggeejjoohh,62,ONLY_EDGE_INFORMATION_PROPOSED,0,VPTree+Embedding,19.4094,,0
labour.bpmn,labour.xes,iiffbfbfmmaammbbmmnnkkbffbggffppffggddaaeeaaclclbfbfggeejjoohh,62,ONLY_EDGE_INFORMATION_PROPOSED,0,VPKDTreeMinkowski+Embedding,2.73229,,0
labour.bpmn,labour.xes,iiffmmbbffppaannkkaaffeeccllffbababbaaeeaaddaaffbbaaffbffbaahh,62,ONLY_EDGE_INFORMATION_PROPOSED,0,VPTree+Metric,38.0903,,0
labour.bpmn,labour.xes,iiffmmbbffppaannkkaaffeeccllffbababbaaeeaaddaaffbbaaffbffbaahh,62,ONLY_EDGE_INFORMATION_PROPOSED,0,VPTree+Transformed,16.4529,,0
labour.bpmn,labour.xes,iiffmmbbffppaannkkaaffeeccllffbababbaaeeaaddaaffbbaaffbffbaahh,62,ONLY_EDGE_INFORMATION_PROPOSED,0,VPKDTreeMinkowski+Transformed,18.3261,,0
labour.bpmn,labour.xes,iiffmmbbffppaannkkaaffeeccllffbababbaaeeaaddaaffbbaaffbffbaahh,62,ONLY_EDGE_INFORMATION_PROPOSED,0,VPTree+Embedding,25.495,,0
labour.bpmn,labour.xes,iiffmmbbffppaannkkaaffeeccllffbababbaaeeaaddaaffbbaaffbffbaahh,62,ONLY_EDGE_INFORMATION_PROPOSED,0,VPKDTreeMinkowski+Embedding,4.77434,,0
labour.bpmn,labour.xes,iiffbbmmffggmmbbnnkkaankkanaffppffggffaaeebfbfggeeaajjooaaddaahh,64,ONLY_EDGE_INFORMATION_PROPOSED,0,VPTree+Metric,38.0903,,0
labour.bpmn,labour.xes,iiffbbmmffggmmbbnnkkaankkanaffppffggffaaeebfbfggeeaajjooaaddaahh,64,ONLY_EDGE_INFORMATION_PROPOSED,0,VPTree+Transformed,624.302,,0
labour.bpmn,labour.xes,iiffbbmmffggmmbbnnkkaankkanaffppffggffaaeebfbfggeeaajjooaaddaahh,64,ONLY_EDGE_INFORMATION_PROPOSED,0,VPKDTreeMinkowski+Transformed,8.93885,,0
labour.bpmn,labour.xes,iiffbbmmffggmmbbnnkkaankkanaffppffggffaaeebfbfggeeaajjooaaddaahh,64,ONLY_EDGE_INFORMATION_PROPOSED,0,VPTree+Embedding,20.1984,,0
labour.bpmn,labour.xes,iiffbbmmffggmmbbnnkkaankkanaffppffggffaaeebfbfggeeaajjooaaddaahh,64,ONLY_EDGE_INFORMATION_PROPOSED,0,VPKDTreeMinkowski+Embedding,3.38476,,0
labour.bpmn,labour.xes,iiddbbffggakaffggmmbbnnkffggffggmmddggffggaaccllbbaabbddaaddaaeebbaahh,70,ONLY_EDGE_INFORMATION_PROPOSED,0,VPTree+Metric,38.0903,,0
labour.bpmn,labour.xes,iiddbbffggakaffggmmbbnnkffggffggmmddggffggaaccllbbaabbddaaddaaeebbaahh,70,ONLY_EDGE_INFORMATION_PROPOSED,0,VPTree+Transformed,12.991,,0
labour.bpmn,labour.xes,iiddbbffggakaffggmmbbnnkffggffggmmddggffggaaccllbbaabbddaaddaaeebbaahh,70,ONLY_EDGE_INFORMATION_PROPOSED,0,VPKDTreeMinkowski+Transformed,12.5931,,0
labour.bpmn,labour.xes,iiddbbffggakaffggmmbbnnkffggffggmmddggffggaaccllbbaabbddaaddaaeebbaahh,70,ONLY_EDGE_INFORMATION_PROPOSED,0,VPTree+Embedding,21.3768,,0
labour.bpmn,labour.xes,iiddbbffggakaffggmmbbnnkffggffggmmddggffggaaccllbbaabbddaaddaaeebbaahh,70,ONLY_EDGE_INFORMATION_PROPOSED,0,VPKDTreeMinkowski+Embedding,3.08618,,0
labour.bpmn,labour.xes,iiggffggbbmmbbnnkkggffggffbbffggaaeeddaaddaabffbbbggffeeaabbaaddeeooaabbffggffhh,80,ONLY_EDGE_INFORMATION_PROPOSED,0,VPTree+Metric,38.0903,,0
labour.bpmn,labour.xes,iiggffggbbmmbbnnkkggffggffbbffggaaeeddaaddaabffbbbggffeeaabbaaddeeooaabbffggffhh,80,ONLY_EDGE_INFORMATION_PROPOSED,0,VPTree+Transformed,10.9882,,0
labour.bpmn,labour.xes,iiggffggbbmmbbnnkkggffggffbbffggaaeeddaaddaabffbbbggffeeaabbaaddeeooaabbffggffhh,80,ONLY_EDGE_INFORMATION_PROPOSED,0,VPKDTreeMinkowski+Transformed,12.769,,0
labour.bpmn,labour.xes,iiggffggbbmmbbnnkkggffggffbbffggaaeeddaaddaabffbbbggffeeaabbaaddeeooaabbffggffhh,80,ONLY_EDGE_INFORMATION_PROPOSED,0,VPTree+Embedding,19.4192,,0
labour.bpmn,labour.xes,iiggffggbbmmbbnnkkggffggffbbffggaaeeddaaddaabffbbbggffeeaabbaaddeeooaabbffggffhh,80,ONLY_EDGE_INFORMATION_PROPOSED,0,VPKDTreeMinkowski+Embedding,3.07759,,0
labour.bpmn,labour.xes,iiffaabbffbbmmbbnnkkaaffppggffggffaaddbbffaaclclaaddbfbfaaeeaabffbggaaddaaffggjojoffaabbaahh,92,ONLY_EDGE_INFORMATION_PROPOSED,0,VPTree+Metric,38.0903,,0
labour.bpmn,labour.xes,iiffaabbffbbmmbbnnkkaaffppggffggffaaddbbffaaclclaaddbfbfaaeeaabffbggaaddaaffggjojoffaabbaahh,92,ONLY_EDGE_INFORMATION_PROPOSED,0,VPTree+Transformed,725.437,,0
labour.bpmn,labour.xes,iiffaabbffbbmmbbnnkkaaffppggffggffaaddbbffaaclclaaddbfbfaaeeaabffbggaaddaaffggjojoffaabbaahh,92,ONLY_EDGE_INFORMATION_PROPOSED,0,VPKDTreeMinkowski+Transformed,11.1015,,0
labour.bpmn,labour.xes,iiffaabbffbbmmbbnnkkaaffppggffggffaaddbbffaaclclaaddbfbfaaeeaabffbggaaddaaffggjojoffaabbaahh,92,ONLY_EDGE_INFORMATION_PROPOSED,0,VPTree+Embedding,19.6064,,0
labour.bpmn,labour.xes,iiffaabbffbbmmbbnnkkaaffppggffggffaaddbbffaaclclaaddbfbfaaeeaabffbggaaddaaffggjojoffaabbaahh,92,ONLY_EDGE_INFORMATION_PROPOSED,0,VPKDTreeMinkowski+Embedding,3.2121,,0
labour.bpmn,labour.xes,iimmffbffbppnnkkaaffeeaaffaaffaahh,34,ONLY_EDGE_INFORMATION_PREVIOUS,0,VPTree+Metric,41.6773,,0
labour.bpmn,labour.xes,iimmffbffbppnnkkaaffeeaaffaaffaahh,34,ONLY_EDGE_INFORMATION_PREVIOUS,0,VPTree+Transformed,7.89384,,0
labour.bpmn,labour.xes,iimmffbffbppnnkkaaffeeaaffaaffaahh,34,ONLY_EDGE_INFORMATION_PREVIOUS,0,VPKDTreeMinkowski+Transformed,11.5373,,0
labour.bpmn,labour.xes,iimmffbffbppnnkkaaffeeaaffaaffaahh,34,ONLY_EDGE_INFORMATION_PREVIOUS,0,VPTree+Embedding,28.268,,0
labour.bpmn,labour.xes,iimmffbffbppnnkkaaffeeaaffaaffaahh,34,ONLY_EDGE_INFORMATION_PREVIOUS,0,VPKDTreeMinkowski+Embedding,2.90582,,0
labour.bpmn,labour.xes,iibbmmbnnkbkffddaabbddaaccllaabbeeaahh,38,ONLY_EDGE_INFORMATION_PREVIOUS,0,VPTree+Metric,41.6773,,0
labour.bpmn,labour.xes,iibbmmbnnkbkffddaabbddaaccllaabbeeaahh,38,ONLY_EDGE_INFORMATION_PREVIOUS,0,VPTree+Transformed,741.777,,0
labour.bpmn,labour.xes,iibbmmbnnkbkffddaabbddaaccllaabbeeaahh,38,ONLY_EDGE_INFORMATION_PREVIOUS,0,VPKDTreeMinkowski+Transformed,7.76088,,0
labour.bpmn,labour.xes,iibbmmbnnkbkffddaabbddaaccllaabbeeaahh,38,ONLY_EDGE_INFORMATION_PREVIOUS,0,VPTree+Embedding,17.0383,,0
labour.bpmn,labour.xes,iibbmmbnnkbkffddaabbddaaccllaabbeeaahh,38,ONLY_EDGE_INFORMATION_PREVIOUS,0,VPKDTreeMinkowski+Embedding,0.880381,,0
labour.bpmn,labour.xes,iillmmffppnnkkaaccaabfbfeeaababaffaahh,38,ONLY_EDGE_INFORMATION_PREVIOUS,0,VPTree+Metric,41.6773,,0
labour.bpmn,labour.xes,iillmmffppnnkkaaccaabfbfeeaababaffaahh,38,ONLY_EDGE_INFORMATION_PREVIOUS,0,VPTree+Transformed,6.70139,,0
labour.bpmn,labour.xes,iillmmffppnnkkaaccaabfbfeeaababaffaahh,38,ONLY_EDGE_INFORMATION_PREVIOUS,0,VPKDTreeMinkowski+Transformed,7.86122,,0
labour.bpmn,labour.xes,iillmmffppnnkkaaccaabfbfeeaababaffaahh,38,ONLY_EDGE_INFORMATION_PREVIOUS,0,VPTree+Embedding,18.556,,0
labour.bpmn,labour.xes,iillmmffppnnkkaaccaabfbfeeaababaffaahh,38,ONLY_EDGE_INFORMATION_PREVIOUS,0,VPKDTreeMinkowski+Embedding,1.91284,,0
labour.bpmn,labour.xes,iibbmmbbmkmbbnnkppffggffbbeeaaeebbaaeehh,40,ONLY_EDGE_INFORMATION_PREVIOUS,0,VPTree+Metric,41.6773,,0
labour.bpmn,labour.xes,iibbmmbbmkmbbnnkppffggffbbeeaaeebbaaeehh,40,ONLY_EDGE_INFORMATION_PREVIOUS,0,VPTree+Transformed,11.4927,,0
labour.bpmn,labour.xes,iibbmmbbmkmbbnnkppffggffbbeeaaeebbaaeehh,40,ONLY_EDGE_INFORMATION_PREVIOUS,0,VPKDTreeMinkowski+Transformed,13.9216,,0
labour.bpmn,labour.xes,iibbmmbbmkmbbnnkppffggffbbeeaaeebbaaeehh,40,ONLY_EDGE_INFORMATION_PREVIOUS,0,VPTree+Embedding,28.6469,,0
labour.bpmn,labour.xes,iibbmmbbmkmbbnnkppffggffbbeeaaeebbaaeehh,40,ONLY_EDGE_INFORMATION_PREVIOUS,0,VPKDTreeMinkowski+Embedding,2.82054,,0
labour.bpmn,labour.xes,iimmfbfbppnnkkffaaffbbeeaabbccllffaaddaahh,42,ONLY_EDGE_INFORMATION_PREVIOUS,0,VPTree+Metric,41.6773,,0
labour.bpmn,labour.xes,iimmfbfbppnnkkffaaffbbeeaabbccllffaaddaahh,42,ONLY_EDGE_INFORMATION_PREVIOUS,0,VPTree+Transformed,7.10825,,0
labour.bpmn,labour.xes,iimmfbfbppnnkkffaaffbbeeaabbccllffaaddaahh,42,ONLY_EDGE_INFORMATION_PREVIOUS,0,VPKDTreeMinkowski+Transformed,8.9074,,0
labour.bpmn,labour.xes,iimmfbfbppnnkkffaaffbbeeaabbccllffaaddaahh,42,ONLY_EDGE_INFORMATION_PREVIOUS,0,VPTree+Embedding,18.883,,0
labour.bpmn,labour.xes,iimmfbfbppnnkkffaaffbbeeaabbccllffaaddaahh,42,ONLY_EDGE_INFORMATION_PREVIOUS,0,VPKDTreeMinkowski+Embedding,1.79961,,0
labour.bpmn,labour.xes,iiffmmbbffppnnkkaaffeeaabbaaffaaeeaaffaahh,42,ONLY_EDGE_INFORMATION_PREVIOUS,0,VPTree+Metric,41.6773,,0
labour.bpmn,labour.xes,iiffmmbbffppnnkkaaffeeaabbaaffaaeeaaffaahh,42,ONLY_EDGE_INFORMATION_PREVIOUS,0,VPTree+Transformed,7.16161,,0
labour.bpmn,labour.xes,iiffmmbbffppnnkkaaffeeaabbaaffaaeeaaffaahh,42,ONLY_EDGE_INFORMATION_PREVIOUS,0,VPKDTreeMinkowski+Transformed,9.43471,,0
labour.bpmn,labour.xes,iiffmmbbffppnnkkaaffeeaabbaaffaaeeaaffaahh,42,ONLY_EDGE_INFORMATION_PREVIOUS,0,VPTree+Embedding,21.2012,,0
labour.bpmn,labour.xes,iiffmmbbffppnnkkaaffeeaabbaaffaaeeaaffaahh,42,ONLY_EDGE_INFORMATION_PREVIOUS,0,VPKDTreeMinkowski+Embedding,0.701658,,0
labour.bpmn,labour.xes,iiffaaffmmbffbppnnkkaaccllaaffaababaddaabbaahh,46,ONLY_EDGE_INFORMATION_PREVIOUS,0,VPTree+Metric,41.6773,,0
labour.bpmn,labour.xes,iiffaaffmmbffbppnnkkaaccllaaffaababaddaabbaahh,46,ONLY_EDGE_INFORMATION_PREVIOUS,0,VPTree+Transformed,7.77414,,0
labour.bpmn,labour.xes,iiffaaffmmbffbppnnkkaaccllaaffaababaddaabbaahh,46,ONLY_EDGE_INFORMATION_PREVIOUS,0,VPKDTreeMinkowski+Transformed,9.54394,,0
labour.bpmn,labour.xes,iiffaaffmmbffbppnnkkaaccllaaffaababaddaabbaahh,46,ONLY_EDGE_INFORMATION_PREVIOUS,0,VPTree+Embedding,19.6631,,0
labour.bpmn,labour.xes,iiffaaffmmbffbppnnkkaaccllaaffaababaddaabbaahh,46,ONLY_EDGE_INFORMATION_PREVIOUS,0,VPKDTreeMinkowski+Embedding,0.85847,,0
labour.bpmn,labour.xes,iibbffmmbbffppnnkkaaccllffaabbffaaffaaddffaahh,46,ONLY_EDGE_INFORMATION_PREVIOUS,0,VPTree+Metric,41.6773,,0
labour.bpmn,labour.xes,iibbffmmbbffppnnkkaaccllffaabbffaaffaaddffaahh,46,ONLY_EDGE_INFORMATION_PREVIOUS,0,VPTree+Transformed,7.94994,,0
labour.bpmn,labour.xes,iibbffmmbbffppnnkkaaccllffaabbffaaffaaddffaahh,46,ONLY_EDGE_INFORMATION_PREVIOUS,0,VPKDTreeMinkowski+Transformed,9.26664,,0
labour.bpmn,labour.xes,iibbffmmbbffppnnkkaaccllffaabbffaaffaaddffaahh,46,ONLY_EDGE_INFORMATION_PREVIOUS,0,VPTree+Embedding,17.6907,,0
labour.bpmn,labour.xes,iibbffmmbbffppnnkkaaccllffaabbffaaffaaddffaahh,46,ONLY_EDGE_INFORMATION_PREVIOUS,0,VPKDTreeMinkowski+Embedding,2.01037,,0
labour.bpmn,labour.xes,iiggffggbffbggmmbbnnaaffbbffeeaaccllaaddaabbeehh,48,ONLY_EDGE_INFORMATION_PREVIOUS,0,VPTree+Metric,41.6773,,0
labour.bpmn,labour.xes,iiggffggbffbggmmbbnnaaffbbffeeaaccllaaddaabbeehh,48,ONLY_EDGE_INFORMATION_PREVIOUS,0,VPTree+Transformed,7.16878,,0
labour.bpmn,labour.xes,iiggffggbffbggmmbbnnaaffbbffeeaaccllaaddaabbeehh,48,ONLY_EDGE_INFORMATION_PREVIOUS,0,VPKDTreeMinkowski+Transformed,9.4309,,0
labour.bpmn,labour.xes,iiggffggbffbggmmbbnnaaffbbffeeaaccllaaddaabbeehh,48,ONLY_EDGE_INFORMATION_PREVIOUS,0,VPTree+Embedding,20.8587,,0
labour.bpmn,labour.xes,iiggffggbffbggmmbbnnaaffbbffeeaaccllaaddaabbeehh,48,ONLY_EDGE_INFORMATION_PREVIOUS,0,VPKDTreeMinkowski+Embedding,1.15581,,0
labour.bpmn,labour.xes,iiddggffggmmbbnnkkddaaddffaabbccllaaddaaddaaffbbeehh,52,ONLY_EDGE_INFORMATION_PREVIOUS,0,VPTree+Metric,41.6773,,0
labour.bpmn,labour.xes,iiddggffggmmbbnnkkddaaddffaabbccllaaddaaddaaffbbeehh,52,ONLY_EDGE_INFORMATION_PREVIOUS,0,VPTree+Transformed,567.509,,0
labour.bpmn,labour.xes,iiddggffggmmbbnnkkddaaddffaabbccllaaddaaddaaffbbeehh,52,ONLY_EDGE_INFORMATION_PREVIOUS,0,VPKDTreeMinkowski+Transformed,9.31154,,0
labour.bpmn,labour.xes,iiddggffggmmbbnnkkddaaddffaabbccllaaddaaddaaffbbeehh,52,ONLY_EDGE_INFORMATION_PREVIOUS,0,VPTree+Embedding,20.7578,,0
labour.bpmn,labour.xes,iiddggffggmmbbnnkkddaaddffaabbccllaaddaaddaaffbbeehh,52,ONLY_EDGE_INFORMATION_PREVIOUS,0,VPKDTreeMinkowski+Embedding,1.50085,,0
labour.bpmn,labour.xes,iimmbbffppnnkkffaaddaabffbccllffaabbddaaffbabaeeaahh,52,ONLY_EDGE_INFORMATION_PREVIOUS,0,VPTree+Metric,41.6773,,0
labour.bpmn,labour.xes,iimmbbffppnnkkffaaddaabffbccllffaabbddaaffbabaeeaahh,52,ONLY_EDGE_INFORMATION_PREVIOUS,0,VPTree+Transformed,12.7275,,0
labour.bpmn,labour.xes,iimmbbffppnnkkffaaddaabffbccllffaabbddaaffbabaeeaahh,52,ONLY_EDGE_INFORMATION_PREVIOUS,0,VPKDTreeMinkowski+Transformed,14.7836,,0
labour.bpmn,labour.xes,iimmbbffppnnkkffaaddaabffbccllffaabbddaaffbabaeeaahh,52,ONLY_EDGE_INFORMATION_PREVIOUS,0,VPTree+Embedding,29.5813,,0
labour.bpmn,labour.xes,iimmbbffppnnkkffaaddaabffbccllffaabbddaaffbabaeeaahh,52,ONLY_EDGE_INFORMATION_PREVIOUS,0,VPKDTreeMinkowski+Embedding,2.93555,,0
labour.bpmn,labour.xes,iiffaabbmmbbffppnnkkaaccllaaffbabaffeeffbbaaddbbaaffaahh,56,ONLY_EDGE_INFORMATION_PREVIOUS,0,VPTree+Metric,41.6773,,0
labour.bpmn,labour.xes,iiffaabbmmbbffppnnkkaaccllaaffbabaffeeffbbaaddbbaaffaahh,56,ONLY_EDGE_INFORMATION_PREVIOUS,0,VPTree+Transformed,8.33204,,0
labour.bpmn,labour.xes,iiffaabbmmbbffppnnkkaaccllaaffbabaffeeffbbaaddbbaaffaahh,56,ONLY_EDGE_INFORMATION_PREVIOUS,0,VPKDTreeMinkowski+Transformed,10.306,,0
labour.bpmn,labour.xes,iiffaabbmmbbffppnnkkaaccllaaffbabaffeeffbbaaddbbaaffaahh,56,ONLY_EDGE_INFORMATION_PREVIOUS,0,VPTree+Embedding,18.7267,,0
labour.bpmn,labour.xes,iiffaabbmmbbffppnnkkaaccllaaffbabaffeeffbbaaddbbaaffaahh,56,ONLY_EDGE_INFORMATION_PREVIOUS,0,VPKDTreeMinkowski+Embedding,0.921485,,0
labour.bpmn,labour.xes,iiaaggffbffbggmmnnkkppffggffggddeeaacllcbbeebbddaaffggeehh,58,ONLY_EDGE_INFORMATION_PREVIOUS,0,VPTree+Metric,41.6773,,0
labour.bpmn,labour.xes,iiaaggffbffbggmmnnkkppffggffggddeeaacllcbbeebbddaaffggeehh,58,ONLY_EDGE_INFORMATION_PREVIOUS,0,VPTree+Transformed,595.878,,0
labour.bpmn,labour.xes,iiaaggffbffbggmmnnkkppffggffggddeeaacllcbbeebbddaaffggeehh,58,ONLY_EDGE_INFORMATION_PREVIOUS,0,VPKDTreeMinkowski+Transformed,15.136,,0
labour.bpmn,labour.xes,iiaaggffbffbggmmnnkkppffggffggddeeaacllcbbeebbddaaffggeehh,58,ONLY_EDGE_INFORMATION_PREVIOUS,0,VPTree+Embedding,28.1666,,0
labour.bpmn,labour.xes,iiaaggffbffbggmmnnkkppffggffggddeeaacllcbbeebbddaaffggeehh,58,ONLY_EDGE_INFORMATION_PREVIOUS,0,VPKDTreeMinkowski+Embedding,2.5082,,0
labour.bpmn,labour.xes,iimmggffmmnnkkbbffggffggffggffbbeeaaffbbaaddaabffbggaajoohhj,60,ONLY_EDGE_INFORMATION_PREVIOUS,0,VPTree+Metric,41.6773,,0
labour.bpmn,labour.xes,iimmggffmmnnkkbbffggffggffggffbbeeaaffbbaaddaabffbggaajoohhj,60,ONLY_EDGE_INFORMATION_PREVIOUS,0,VPTree+Transformed,10.9751,,0
labour.bpmn,labour.xes,iimmggffmmnnkkbbffggffggffggffbbeeaaffbbaaddaabffbggaajoohhj,60,ONLY_EDGE_INFORMATION_PREVIOUS,0,VPKDTreeMinkowski+Transformed,11.8297,,0
labour.bpmn,labour.xes,iimmggffmmnnkkbbffggffggffggffbbeeaaffbbaaddaabffbggaajoohhj,60,ONLY_EDGE_INFORMATION_PREVIOUS,0,VPTree+Embedding,19.5877,,0
labour.bpmn,labour.xes,iimmggffmmnnkkbbffggffggffggffbbeeaaffbbaaddaabffbggaajoohhj,60,ONLY_EDGE_INFORMATION_PREVIOUS,0,VPKDTreeMinkowski+Embedding,1.89157,,0
labour.bpmn,labour.xes,iibbmmbbnnkkaaffppbbffggffggaaggffggfbfbeebbddaajjooffggddaahh,62,ONLY_EDGE_INFORMATION_PREVIOUS,0,VPTree+Metric,41.6773,,0
labour.bpmn,labour.xes,iibbmmbbnnkkaaffppbbffggffggaaggffggfbfbeebbddaajjooffggddaahh,62,ONLY_EDGE_INFORMATION_PREVIOUS,0,VPTree+Transformed,9.94041,,0
labour.bpmn,labour.xes,iibbmmbbnnkkaaffppbbffggffggaaggffggfbfbeebbddaajjooffggddaahh,62,ONLY_EDGE_INFORMATION_PREVIOUS,0,VPKDTreeMinkowski+Transformed,11.4505,,0
labour.bpmn,labour.xes,iibbmmbbnnkkaaffppbbffggffggaaggffggfbfbeebbddaajjooffggddaahh,62,ONLY_EDGE_INFORMATION_PREVIOUS,0,VPTree+Embedding,21.5215,,0
labour.bpmn,labour.xes,iibbmmbbnnkkaaffppbbffggffggaaggffggfbfbeebbddaajjooffggddaahh,62,ONLY_EDGE_INFORMATION_PREVIOUS,0,VPKDTreeMinkowski+Embedding,2.47989,,0
labour.bpmn,labour.xes,iiffbfbfmmaammbbmmnnkkbffbggffppffggddaaeeaaclclbfbfggeejjoohh,62,ONLY_EDGE_INFORMATION_PREVIOUS,0,VPTree+Metric,41.6773,,0
labour.bpmn,labour.xes,iiffbfbfmmaammbbmmnnkkbffbggffppffggddaaeeaaclclbfbfggeejjoohh,62,ONLY_EDGE_INFORMATION_PREVIOUS,0,VPTree+Transformed,811.231,,0
labour.bpmn,labour.xes,iiffbfbfmmaammbbmmnnkkbffbggffppffggddaaeeaaclclbfbfggeejjoohh,62,ONLY_EDGE_INFORMATION_PREVIOUS,0,VPKDTreeMinkowski+Transformed,8.59466,,0
labour.bpmn,labour.xes,iiffbfbfmmaammbbmmnnkkbffbggffppffggddaaeeaaclclbfbfggeejjoohh,62,ONLY_EDGE_INFORMATION_PREVIOUS,0,VPTree+Embedding,17.4831,,0
labour.bpmn,labour.xes,iiffbfbfmmaammbbmmnnkkbffbggffppffggddaaeeaaclclbfbfggeejjoohh,62,ONLY_EDGE_INFORMATION_PREVIOUS,0,VPKDTreeMinkowski+Embedding,1.00233,,0
labour.bpmn,labour.xes,iiffmmbbffppaannkkaaffeeccllffbababbaaeeaaddaaffbbaaffbffbaahh,62,ONLY_EDGE_INFORMATION_PREVIOUS,0,VPTree+Metric,41.6773,,0
labour.bpmn,labour.xes,iiffmmbbffppaannkkaaffeeccllffbababbaaeeaaddaaffbbaaffbffbaahh,62,ONLY_EDGE_INFORMATION_PREVIOUS,0,VPTree+Transformed,9.04965,,0
labour.bpmn,labour.xes,iiffmmbbffppaannkkaaffeeccllffbababbaaeeaaddaaffbbaaffbffbaahh,62,ONLY_EDGE_INFORMATION_PREVIOUS,0,VPKDTreeMinkowski+Transformed,10.9569,,0
labour.bpmn,labour.xes,iiffmmbbffppaannkkaaffeeccllffbababbaaeeaaddaaffbbaaffbffbaahh,62,ONLY_EDGE_INFORMATION_PREVIOUS,0,VPTree+Embedding,18.3583,,0
labour.bpmn,labour.xes,iiffmmbbffppaannkkaaffeeccllffbababbaaeeaaddaaffbbaaffbffbaahh,62,ONLY_EDGE_INFORMATION_PREVIOUS,0,VPKDTreeMinkowski+Embedding,1.00034,,0
labour.bpmn,labour.xes,iiffbbmmffggmmbbnnkkaankkanaffppffggffaaeebfbfggeeaajjooaaddaahh,64,ONLY_EDGE_INFORMATION_PREVIOUS,0,VPTree+Metric,41.6773,,0
labour.bpmn,labour.xes,iiffbbmmffggmmbbnnkkaankkanaffppffggffaaeebfbfggeeaajjooaaddaahh,64,ONLY_EDGE_INFORMATION_PREVIOUS,0,VPTree+Transformed,12.3784,,0
labour.bpmn,labour.xes,iiffbbmmffggmmbbnnkkaankkanaffppffggffaaeebfbfggeeaajjooaaddaahh,64,ONLY_EDGE_INFORMATION_PREVIOUS,0,VPKDTreeMinkowski+Transformed,10.935,,0
labour.bpmn,labour.xes,iiffbbmmffggmmbbnnkkaankkanaffppffggffaaeebfbfggeeaajjooaaddaahh,64,ONLY_EDGE_INFORMATION_PREVIOUS,0,VPTree+Embedding,18.2515,,0
labour.bpmn,labour.xes,iiffbbmmffggmmbbnnkkaankkanaffppffggffaaeebfbfggeeaajjooaaddaahh,64,ONLY_EDGE_INFORMATION_PREVIOUS,0,VPKDTreeMinkowski+Embedding,1.08577,,0
labour.bpmn,labour.xes,iiddbbffggakaffggmmbbnnkffggffggmmddggffggaaccllbbaabbddaaddaaeebbaahh,70,ONLY_EDGE_INFORMATION_PREVIOUS,0,VPTree+Metric,41.6773,,0
labour.bpmn,labour.xes,iiddbbffggakaffggmmbbnnkffggffggmmddggffggaaccllbbaabbddaaddaaeebbaahh,70,ONLY_EDGE_INFORMATION_PREVIOUS,0,VPTree+Transformed,13.3982,,0
labour.bpmn,labour.xes,iiddbbffggakaffggmmbbnnkffggffggmmddggffggaaccllbbaabbddaaddaaeebbaahh,70,ONLY_EDGE_INFORMATION_PREVIOUS,0,VPKDTreeMinkowski+Transformed,11.8561,,0
labour.bpmn,labour.xes,iiddbbffggakaffggmmbbnnkffggffggmmddggffggaaccllbbaabbddaaddaaeebbaahh,70,ONLY_EDGE_INFORMATION_PREVIOUS,0,VPTree+Embedding,19.2951,,0
labour.bpmn,labour.xes,iiddbbffggakaffggmmbbnnkffggffggmmddggffggaaccllbbaabbddaaddaaeebbaahh,70,ONLY_EDGE_INFORMATION_PREVIOUS,0,VPKDTreeMinkowski+Embedding,2.11179,,0
labour.bpmn,labour.xes,iiggffggbbmmbbnnkkggffggffbbffggaaeeddaaddaabffbbbggffeeaabbaaddeeooaabbffggffhh,80,ONLY_EDGE_INFORMATION_PREVIOUS,0,VPTree+Metric,41.6773,,0
labour.bpmn,labour.xes,iiggffggbbmmbbnnkkggffggffbbffggaaeeddaaddaabffbbbggffeeaabbaaddeeooaabbffggffhh,80,ONLY_EDGE_INFORMATION_PREVIOUS,0,VPTree+Transformed,17.1521,,0
labour.bpmn,labour.xes,iiggffggbbmmbbnnkkggffggffbbffggaaeeddaaddaabffbbbggffeeaabbaaddeeooaabbffggffhh,80,ONLY_EDGE_INFORMATION_PREVIOUS,0,VPKDTreeMinkowski+Transformed,17.5841,,0
labour.bpmn,labour.xes,iiggffggbbmmbbnnkkggffggffbbffggaaeeddaaddaabffbbbggffeeaabbaaddeeooaabbffggffhh,80,ONLY_EDGE_INFORMATION_PREVIOUS,0,VPTree+Embedding,28.612,,0
labour.bpmn,labour.xes,iiggffggbbmmbbnnkkggffggffbbffggaaeeddaaddaabffbbbggffeeaabbaaddeeooaabbffggffhh,80,ONLY_EDGE_INFORMATION_PREVIOUS,0,VPKDTreeMinkowski+Embedding,3.34465,,0
labour.bpmn,labour.xes,iiffaabbffbbmmbbnnkkaaffppggffggffaaddbbffaaclclaaddbfbfaaeeaabffbggaaddaaffggjojoffaabbaahh,92,ONLY_EDGE_INFORMATION_PREVIOUS,0,VPTree+Metric,41.6773,,0
labour.bpmn,labour.xes,iiffaabbffbbmmbbnnkkaaffppggffggffaaddbbffaaclclaaddbfbfaaeeaabffbggaaddaaffggjojoffaabbaahh,92,ONLY_EDGE_INFORMATION_PREVIOUS,0,VPTree+Transformed,597.429,,0
labour.bpmn,labour.xes,iiffaabbffbbmmbbnnkkaaffppggffggffaaddbbffaaclclaaddbfbfaaeeaabffbggaaddaaffggjojoffaabbaahh,92,ONLY_EDGE_INFORMATION_PREVIOUS,0,VPKDTreeMinkowski+Transformed,22.7077,,0
labour.bpmn,labour.xes,iiffaabbffbbmmbbnnkkaaffppggffggffaaddbbffaaclclaaddbfbfaaeeaabffbggaaddaaffggjojoffaabbaahh,92,ONLY_EDGE_INFORMATION_PREVIOUS,0,VPTree+Embedding,26.9896,,0
labour.bpmn,labour.xes,iiffaabbffbbmmbbnnkkaaffppggffggffaaddbbffaaclclaaddbfbfaaeeaabffbggaaddaaffggjojoffaabbaahh,92,ONLY_EDGE_INFORMATION_PREVIOUS,0,VPKDTreeMinkowski+Embedding,2.24277,,0
