input_file,traces_file,query,querySize,strategyName,noise,dulcior,tuning_factor,use_path_lambda_factor,lambda,max_length,min_prob,LogGeneralizationMetric,forGeneralization,,0
sepsis.bpmn,sepsis.xes,gaj,3,ONLY_EDGE_INFORMATION_PROPOSED,0,T,0,T,0.07,10,1e-05,Spearman,0.998728,,0
sepsis.bpmn,sepsis.xes,ga,2,ONLY_EDGE_INFORMATION_PROPOSED,1,T,0,T,0.07,10,1e-05,Spearman,0.998374,,0
sepsis.bpmn,sepsis.xes,ga,2,ONLY_EDGE_INFORMATION_PROPOSED,1,T,0,T,0.07,10,1e-05,WithNoiseDistanceSpearman,0.999133,,0
sepsis.bpmn,sepsis.xes,aj,2,ONLY_EDGE_INFORMATION_PROPOSED,1,T,0,T,0.07,10,1e-05,Spearman,0.998374,,0
sepsis.bpmn,sepsis.xes,aj,2,ONLY_EDGE_INFORMATION_PROPOSED,1,T,0,T,0.07,10,1e-05,WithNoiseDistanceSpearman,0.999133,,0
sepsis.bpmn,sepsis.xes,a,1,ONLY_EDGE_INFORMATION_PROPOSED,2,T,0,T,0.07,10,1e-05,Spearman,0,,0
sepsis.bpmn,sepsis.xes,a,1,ONLY_EDGE_INFORMATION_PROPOSED,2,T,0,T,0.07,10,1e-05,WithNoiseDistanceSpearman,0,,0
sepsis.bpmn,sepsis.xes,g,1,ONLY_EDGE_INFORMATION_PROPOSED,2,T,0,T,0.07,10,1e-05,Spearman,0,,0
sepsis.bpmn,sepsis.xes,g,1,ONLY_EDGE_INFORMATION_PROPOSED,2,T,0,T,0.07,10,1e-05,WithNoiseDistanceSpearman,0,,0
sepsis.bpmn,sepsis.xes,gma,3,ONLY_EDGE_INFORMATION_PROPOSED,3,T,0,T,0.07,10,1e-05,Spearman,0.998146,,0
sepsis.bpmn,sepsis.xes,gma,3,ONLY_EDGE_INFORMATION_PROPOSED,3,T,0,T,0.07,10,1e-05,WithNoiseDistanceSpearman,0.997615,,0
sepsis.bpmn,sepsis.xes,mga,3,ONLY_EDGE_INFORMATION_PROPOSED,3,T,0,T,0.07,10,1e-05,Spearman,0.998402,,0
sepsis.bpmn,sepsis.xes,mga,3,ONLY_EDGE_INFORMATION_PROPOSED,3,T,0,T,0.07,10,1e-05,WithNoiseDistanceSpearman,0.999377,,0
sepsis.bpmn,sepsis.xes,baj,3,ONLY_EDGE_INFORMATION_PROPOSED,4,T,0,T,0.07,10,1e-05,Spearman,0.998402,,0
sepsis.bpmn,sepsis.xes,baj,3,ONLY_EDGE_INFORMATION_PROPOSED,4,T,0,T,0.07,10,1e-05,WithNoiseDistanceSpearman,0.999377,,0
sepsis.bpmn,sepsis.xes,jbg,3,ONLY_EDGE_INFORMATION_PROPOSED,4,T,0,T,0.07,10,1e-05,Spearman,0.11095,,0
sepsis.bpmn,sepsis.xes,jbg,3,ONLY_EDGE_INFORMATION_PROPOSED,4,T,0,T,0.07,10,1e-05,WithNoiseDistanceSpearman,0.10746,,0
sepsis.bpmn,sepsis.xes,gaj,3,ONLY_EDGE_INFORMATION_PREVIOUS,0,T,0,T,0.07,10,1e-05,Spearman,0.993969,,0
sepsis.bpmn,sepsis.xes,ga,2,ONLY_EDGE_INFORMATION_PREVIOUS,1,T,0,T,0.07,10,1e-05,Spearman,0.993969,,0
sepsis.bpmn,sepsis.xes,ga,2,ONLY_EDGE_INFORMATION_PREVIOUS,1,T,0,T,0.07,10,1e-05,WithNoiseDistanceSpearman,1,,0
sepsis.bpmn,sepsis.xes,aj,2,ONLY_EDGE_INFORMATION_PREVIOUS,1,T,0,T,0.07,10,1e-05,Spearman,0.993969,,0
sepsis.bpmn,sepsis.xes,aj,2,ONLY_EDGE_INFORMATION_PREVIOUS,1,T,0,T,0.07,10,1e-05,WithNoiseDistanceSpearman,1,,0
sepsis.bpmn,sepsis.xes,a,1,ONLY_EDGE_INFORMATION_PREVIOUS,2,T,0,T,0.07,10,1e-05,Spearman,0,,0
sepsis.bpmn,sepsis.xes,a,1,ONLY_EDGE_INFORMATION_PREVIOUS,2,T,0,T,0.07,10,1e-05,WithNoiseDistanceSpearman,0,,0
sepsis.bpmn,sepsis.xes,g,1,ONLY_EDGE_INFORMATION_PREVIOUS,2,T,0,T,0.07,10,1e-05,Spearman,0,,0
sepsis.bpmn,sepsis.xes,g,1,ONLY_EDGE_INFORMATION_PREVIOUS,2,T,0,T,0.07,10,1e-05,WithNoiseDistanceSpearman,0,,0
sepsis.bpmn,sepsis.xes,gma,3,ONLY_EDGE_INFORMATION_PREVIOUS,3,T,0,T,0.07,10,1e-05,Spearman,0.993564,,0
sepsis.bpmn,sepsis.xes,gma,3,ONLY_EDGE_INFORMATION_PREVIOUS,3,T,0,T,0.07,10,1e-05,WithNoiseDistanceSpearman,0.998106,,0
sepsis.bpmn,sepsis.xes,mga,3,ONLY_EDGE_INFORMATION_PREVIOUS,3,T,0,T,0.07,10,1e-05,Spearman,0.993969,,0
sepsis.bpmn,sepsis.xes,mga,3,ONLY_EDGE_INFORMATION_PREVIOUS,3,T,0,T,0.07,10,1e-05,WithNoiseDistanceSpearman,1,,0
sepsis.bpmn,sepsis.xes,baj,3,ONLY_EDGE_INFORMATION_PREVIOUS,4,T,0,T,0.07,10,1e-05,Spearman,0.993969,,0
sepsis.bpmn,sepsis.xes,baj,3,ONLY_EDGE_INFORMATION_PREVIOUS,4,T,0,T,0.07,10,1e-05,WithNoiseDistanceSpearman,1,,0
sepsis.bpmn,sepsis.xes,jbg,3,ONLY_EDGE_INFORMATION_PREVIOUS,4,T,0,T,0.07,10,1e-05,Spearman,0.110058,,0
sepsis.bpmn,sepsis.xes,jbg,3,ONLY_EDGE_INFORMATION_PREVIOUS,4,T,0,T,0.07,10,1e-05,WithNoiseDistanceSpearman,0.106241,,0
