sepsis.bpmn,sepsis.xes,gaj,3,ONLY_EDGE_INFORMATION_PROPOSED,0,VPTree+Metric,1.94086,,0
sepsis.bpmn,sepsis.xes,gaj,3,ONLY_EDGE_INFORMATION_PROPOSED,0,VPTree+Transformed,0.318861,,0
sepsis.bpmn,sepsis.xes,gaj,3,ONLY_EDGE_INFORMATION_PROPOSED,0,VPKDTreeMinkowski+Transformed,0.197705,,0
sepsis.bpmn,sepsis.xes,gaj,3,ONLY_EDGE_INFORMATION_PROPOSED,0,VPTree+Embedding,1.23116,,0
sepsis.bpmn,sepsis.xes,gaj,3,ONLY_EDGE_INFORMATION_PROPOSED,0,VPKDTreeMinkowski+Embedding,0.067363,,0
sepsis.bpmn,sepsis.xes,gaj,3,ONLY_EDGE_INFORMATION_PREVIOUS,0,VPTree+Metric,1.73813,,0
sepsis.bpmn,sepsis.xes,gaj,3,ONLY_EDGE_INFORMATION_PREVIOUS,0,VPTree+Transformed,0.321146,,0
sepsis.bpmn,sepsis.xes,gaj,3,ONLY_EDGE_INFORMATION_PREVIOUS,0,VPKDTreeMinkowski+Transformed,0.190678,,0
sepsis.bpmn,sepsis.xes,gaj,3,ONLY_EDGE_INFORMATION_PREVIOUS,0,VPTree+Embedding,1.19066,,0
sepsis.bpmn,sepsis.xes,gaj,3,ONLY_EDGE_INFORMATION_PREVIOUS,0,VPKDTreeMinkowski+Embedding,0.073859,,0
