weekend.bpmn,weekend.xes,aahhnnkkbbmmlliihhjjffkkbboo,28,ONLY_EDGE_INFORMATION_PROPOSED,0,VPTree+Metric,3.20618,,0
weekend.bpmn,weekend.xes,aahhnnkkbbmmlliihhjjffkkbboo,28,ONLY_EDGE_INFORMATION_PROPOSED,0,VPTree+Transformed,0.710817,,0
weekend.bpmn,weekend.xes,aahhnnkkbbmmlliihhjjffkkbboo,28,ONLY_EDGE_INFORMATION_PROPOSED,0,VPKDTreeMinkowski+Transformed,0.636612,,0
weekend.bpmn,weekend.xes,aahhnnkkbbmmlliihhjjffkkbboo,28,ONLY_EDGE_INFORMATION_PROPOSED,0,VPTree+Embedding,2.14828,,0
weekend.bpmn,weekend.xes,aahhnnkkbbmmlliihhjjffkkbboo,28,ONLY_EDGE_INFORMATION_PROPOSED,0,VPKDTreeMinkowski+Embedding,0.668778,,0
weekend.bpmn,weekend.xes,aannkbkbmmllihihbbhhbbgghhkhkhoo,32,ONLY_EDGE_INFORMATION_PROPOSED,0,VPTree+Metric,3.20618,,0
weekend.bpmn,weekend.xes,aannkbkbmmllihihbbhhbbgghhkhkhoo,32,ONLY_EDGE_INFORMATION_PROPOSED,0,VPTree+Transformed,0.735095,,0
weekend.bpmn,weekend.xes,aannkbkbmmllihihbbhhbbgghhkhkhoo,32,ONLY_EDGE_INFORMATION_PROPOSED,0,VPKDTreeMinkowski+Transformed,0.720296,,0
weekend.bpmn,weekend.xes,aannkbkbmmllihihbbhhbbgghhkhkhoo,32,ONLY_EDGE_INFORMATION_PROPOSED,0,VPTree+Embedding,2.26495,,0
weekend.bpmn,weekend.xes,aannkbkbmmllihihbbhhbbgghhkhkhoo,32,ONLY_EDGE_INFORMATION_PROPOSED,0,VPKDTreeMinkowski+Embedding,0.738181,,0
weekend.bpmn,weekend.xes,aabbhhnnkkbbmmlliihhbbgghhbbggoo,32,ONLY_EDGE_INFORMATION_PROPOSED,0,VPTree+Metric,3.20618,,0
weekend.bpmn,weekend.xes,aabbhhnnkkbbmmlliihhbbgghhbbggoo,32,ONLY_EDGE_INFORMATION_PROPOSED,0,VPTree+Transformed,0.685231,,0
weekend.bpmn,weekend.xes,aabbhhnnkkbbmmlliihhbbgghhbbggoo,32,ONLY_EDGE_INFORMATION_PROPOSED,0,VPKDTreeMinkowski+Transformed,0.664234,,0
weekend.bpmn,weekend.xes,aabbhhnnkkbbmmlliihhbbgghhbbggoo,32,ONLY_EDGE_INFORMATION_PROPOSED,0,VPTree+Embedding,2.1719,,0
weekend.bpmn,weekend.xes,aabbhhnnkkbbmmlliihhbbgghhbbggoo,32,ONLY_EDGE_INFORMATION_PROPOSED,0,VPKDTreeMinkowski+Embedding,0.667979,,0
weekend.bpmn,weekend.xes,aannkbkbeekbkbkklliihhggkkhhjjffccggkkhhddhhoo,46,ONLY_EDGE_INFORMATION_PROPOSED,0,VPTree+Metric,3.20618,,0
weekend.bpmn,weekend.xes,aannkbkbeekbkbkklliihhggkkhhjjffccggkkhhddhhoo,46,ONLY_EDGE_INFORMATION_PROPOSED,0,VPTree+Transformed,1.00109,,0
weekend.bpmn,weekend.xes,aannkbkbeekbkbkklliihhggkkhhjjffccggkkhhddhhoo,46,ONLY_EDGE_INFORMATION_PROPOSED,0,VPKDTreeMinkowski+Transformed,0.876175,,0
weekend.bpmn,weekend.xes,aannkbkbeekbkbkklliihhggkkhhjjffccggkkhhddhhoo,46,ONLY_EDGE_INFORMATION_PROPOSED,0,VPTree+Embedding,2.67753,,0
weekend.bpmn,weekend.xes,aannkbkbeekbkbkklliihhggkkhhjjffccggkkhhddhhoo,46,ONLY_EDGE_INFORMATION_PROPOSED,0,VPKDTreeMinkowski+Embedding,1.0601,,0
weekend.bpmn,weekend.xes,aannkkbbmmlliihhkkgghhcchhbbhhkbbkcchhkbbkhhoo,46,ONLY_EDGE_INFORMATION_PROPOSED,0,VPTree+Metric,3.20618,,0
weekend.bpmn,weekend.xes,aannkkbbmmlliihhkkgghhcchhbbhhkbbkcchhkbbkhhoo,46,ONLY_EDGE_INFORMATION_PROPOSED,0,VPTree+Transformed,1.56445,,0
weekend.bpmn,weekend.xes,aannkkbbmmlliihhkkgghhcchhbbhhkbbkcchhkbbkhhoo,46,ONLY_EDGE_INFORMATION_PROPOSED,0,VPKDTreeMinkowski+Transformed,1.32318,,0
weekend.bpmn,weekend.xes,aannkkbbmmlliihhkkgghhcchhbbhhkbbkcchhkbbkhhoo,46,ONLY_EDGE_INFORMATION_PROPOSED,0,VPTree+Embedding,4.26041,,0
weekend.bpmn,weekend.xes,aannkkbbmmlliihhkkgghhcchhbbhhkbbkcchhkbbkhhoo,46,ONLY_EDGE_INFORMATION_PROPOSED,0,VPKDTreeMinkowski+Embedding,1.71811,,0
weekend.bpmn,weekend.xes,aabbeekknnkknnkklilikkbbeebbeeccggjjffcchhkkhheebbeehhoo,56,ONLY_EDGE_INFORMATION_PROPOSED,0,VPTree+Metric,3.20618,,0
weekend.bpmn,weekend.xes,aabbeekknnkknnkklilikkbbeebbeeccggjjffcchhkkhheebbeehhoo,56,ONLY_EDGE_INFORMATION_PROPOSED,0,VPTree+Transformed,1.14636,,0
weekend.bpmn,weekend.xes,aabbeekknnkknnkklilikkbbeebbeeccggjjffcchhkkhheebbeehhoo,56,ONLY_EDGE_INFORMATION_PROPOSED,0,VPKDTreeMinkowski+Transformed,1.04428,,0
weekend.bpmn,weekend.xes,aabbeekknnkknnkklilikkbbeebbeeccggjjffcchhkkhheebbeehhoo,56,ONLY_EDGE_INFORMATION_PROPOSED,0,VPTree+Embedding,3.37462,,0
weekend.bpmn,weekend.xes,aabbeekknnkknnkklilikkbbeebbeeccggjjffcchhkkhheebbeehhoo,56,ONLY_EDGE_INFORMATION_PROPOSED,0,VPKDTreeMinkowski+Embedding,1.58869,,0
weekend.bpmn,weekend.xes,aaeebbeekkbbeennkklliibbmmbbeebbeeccggkkjjffcckkhhbbeeggoo,58,ONLY_EDGE_INFORMATION_PROPOSED,0,VPTree+Metric,3.20618,,0
weekend.bpmn,weekend.xes,aaeebbeekkbbeennkklliibbmmbbeebbeeccggkkjjffcckkhhbbeeggoo,58,ONLY_EDGE_INFORMATION_PROPOSED,0,VPTree+Transformed,1.25712,,0
weekend.bpmn,weekend.xes,aaeebbeekkbbeennkklliibbmmbbeebbeeccggkkjjffcckkhhbbeeggoo,58,ONLY_EDGE_INFORMATION_PROPOSED,0,VPKDTreeMinkowski+Transformed,1.10944,,0
weekend.bpmn,weekend.xes,aaeebbeekkbbeennkklliibbmmbbeebbeeccggkkjjffcckkhhbbeeggoo,58,ONLY_EDGE_INFORMATION_PROPOSED,0,VPTree+Embedding,3.23584,,0
weekend.bpmn,weekend.xes,aaeebbeekkbbeennkklliibbmmbbeebbeeccggkkjjffcckkhhbbeeggoo,58,ONLY_EDGE_INFORMATION_PROPOSED,0,VPKDTreeMinkowski+Embedding,1.3919,,0
weekend.bpmn,weekend.xes,aabbkbkbnnkklliimmbbeebbeeggbbeehhggkbbkkkhhcckkbbeebbeeggoo,60,ONLY_EDGE_INFORMATION_PROPOSED,0,VPTree+Metric,3.20618,,0
weekend.bpmn,weekend.xes,aabbkbkbnnkklliimmbbeebbeeggbbeehhggkbbkkkhhcckkbbeebbeeggoo,60,ONLY_EDGE_INFORMATION_PROPOSED,0,VPTree+Transformed,1.09404,,0
weekend.bpmn,weekend.xes,aabbkbkbnnkklliimmbbeebbeeggbbeehhggkbbkkkhhcckkbbeebbeeggoo,60,ONLY_EDGE_INFORMATION_PROPOSED,0,VPKDTreeMinkowski+Transformed,1.08535,,0
weekend.bpmn,weekend.xes,aabbkbkbnnkklliimmbbeebbeeggbbeehhggkbbkkkhhcckkbbeebbeeggoo,60,ONLY_EDGE_INFORMATION_PROPOSED,0,VPTree+Embedding,3.21493,,0
weekend.bpmn,weekend.xes,aabbkbkbnnkklliimmbbeebbeeggbbeehhggkbbkkkhhcckkbbeebbeeggoo,60,ONLY_EDGE_INFORMATION_PROPOSED,0,VPKDTreeMinkowski+Embedding,1.42839,,0
weekend.bpmn,weekend.xes,aahhnnkklliimmbbeegghhggjfjfcckbkbeebbhhggddbbhhcceebbeehhoo,60,ONLY_EDGE_INFORMATION_PROPOSED,0,VPTree+Metric,3.20618,,0
weekend.bpmn,weekend.xes,aahhnnkklliimmbbeegghhggjfjfcckbkbeebbhhggddbbhhcceebbeehhoo,60,ONLY_EDGE_INFORMATION_PROPOSED,0,VPTree+Transformed,1.14962,,0
weekend.bpmn,weekend.xes,aahhnnkklliimmbbeegghhggjfjfcckbkbeebbhhggddbbhhcceebbeehhoo,60,ONLY_EDGE_INFORMATION_PROPOSED,0,VPKDTreeMinkowski+Transformed,1.15832,,0
weekend.bpmn,weekend.xes,aahhnnkklliimmbbeegghhggjfjfcckbkbeebbhhggddbbhhcceebbeehhoo,60,ONLY_EDGE_INFORMATION_PROPOSED,0,VPTree+Embedding,3.25815,,0
weekend.bpmn,weekend.xes,aahhnnkklliimmbbeegghhggjfjfcckbkbeebbhhggddbbhhcceebbeehhoo,60,ONLY_EDGE_INFORMATION_PROPOSED,0,VPKDTreeMinkowski+Embedding,1.42133,,0
weekend.bpmn,weekend.xes,aaeebbnnllkhkhccmmbbeebbkkcchheebbeeggkbbeekkbbkeehhcchhkkhhddhhcchhoo,70,ONLY_EDGE_INFORMATION_PROPOSED,0,VPTree+Metric,3.20618,,0
weekend.bpmn,weekend.xes,aaeebbnnllkhkhccmmbbeebbkkcchheebbeeggkbbeekkbbkeehhcchhkkhhddhhcchhoo,70,ONLY_EDGE_INFORMATION_PROPOSED,0,VPTree+Transformed,1.23402,,0
weekend.bpmn,weekend.xes,aaeebbnnllkhkhccmmbbeebbkkcchheebbeeggkbbeekkbbkeehhcchhkkhhddhhcchhoo,70,ONLY_EDGE_INFORMATION_PROPOSED,0,VPKDTreeMinkowski+Transformed,1.18281,,0
weekend.bpmn,weekend.xes,aaeebbnnllkhkhccmmbbeebbkkcchheebbeeggkbbeekkbbkeehhcchhkkhhddhhcchhoo,70,ONLY_EDGE_INFORMATION_PROPOSED,0,VPTree+Embedding,3.26207,,0
weekend.bpmn,weekend.xes,aaeebbnnllkhkhccmmbbeebbkkcchheebbeeggkbbeekkbbkeehhcchhkkhhddhhcchhoo,70,ONLY_EDGE_INFORMATION_PROPOSED,0,VPKDTreeMinkowski+Embedding,1.55567,,0
weekend.bpmn,weekend.xes,aahhnnkkbbmmlliihhjjffkkbboo,28,ONLY_EDGE_INFORMATION_PREVIOUS,0,VPTree+Metric,3.173,,0
weekend.bpmn,weekend.xes,aahhnnkkbbmmlliihhjjffkkbboo,28,ONLY_EDGE_INFORMATION_PREVIOUS,0,VPTree+Transformed,0.792365,,0
weekend.bpmn,weekend.xes,aahhnnkkbbmmlliihhjjffkkbboo,28,ONLY_EDGE_INFORMATION_PREVIOUS,0,VPKDTreeMinkowski+Transformed,0.724051,,0
weekend.bpmn,weekend.xes,aahhnnkkbbmmlliihhjjffkkbboo,28,ONLY_EDGE_INFORMATION_PREVIOUS,0,VPTree+Embedding,2.43323,,0
weekend.bpmn,weekend.xes,aahhnnkkbbmmlliihhjjffkkbboo,28,ONLY_EDGE_INFORMATION_PREVIOUS,0,VPKDTreeMinkowski+Embedding,0.602319,,0
weekend.bpmn,weekend.xes,aannkbkbmmllihihbbhhbbgghhkhkhoo,32,ONLY_EDGE_INFORMATION_PREVIOUS,0,VPTree+Metric,3.173,,0
weekend.bpmn,weekend.xes,aannkbkbmmllihihbbhhbbgghhkhkhoo,32,ONLY_EDGE_INFORMATION_PREVIOUS,0,VPTree+Transformed,0.859275,,0
weekend.bpmn,weekend.xes,aannkbkbmmllihihbbhhbbgghhkhkhoo,32,ONLY_EDGE_INFORMATION_PREVIOUS,0,VPKDTreeMinkowski+Transformed,0.78861,,0
weekend.bpmn,weekend.xes,aannkbkbmmllihihbbhhbbgghhkhkhoo,32,ONLY_EDGE_INFORMATION_PREVIOUS,0,VPTree+Embedding,2.48204,,0
weekend.bpmn,weekend.xes,aannkbkbmmllihihbbhhbbgghhkhkhoo,32,ONLY_EDGE_INFORMATION_PREVIOUS,0,VPKDTreeMinkowski+Embedding,0.582397,,0
weekend.bpmn,weekend.xes,aabbhhnnkkbbmmlliihhbbgghhbbggoo,32,ONLY_EDGE_INFORMATION_PREVIOUS,0,VPTree+Metric,3.173,,0
weekend.bpmn,weekend.xes,aabbhhnnkkbbmmlliihhbbgghhbbggoo,32,ONLY_EDGE_INFORMATION_PREVIOUS,0,VPTree+Transformed,1.19349,,0
weekend.bpmn,weekend.xes,aabbhhnnkkbbmmlliihhbbgghhbbggoo,32,ONLY_EDGE_INFORMATION_PREVIOUS,0,VPKDTreeMinkowski+Transformed,1.0971,,0
weekend.bpmn,weekend.xes,aabbhhnnkkbbmmlliihhbbgghhbbggoo,32,ONLY_EDGE_INFORMATION_PREVIOUS,0,VPTree+Embedding,3.69266,,0
weekend.bpmn,weekend.xes,aabbhhnnkkbbmmlliihhbbgghhbbggoo,32,ONLY_EDGE_INFORMATION_PREVIOUS,0,VPKDTreeMinkowski+Embedding,0.958851,,0
weekend.bpmn,weekend.xes,aannkbkbeekbkbkklliihhggkkhhjjffccggkkhhddhhoo,46,ONLY_EDGE_INFORMATION_PREVIOUS,0,VPTree+Metric,3.173,,0
weekend.bpmn,weekend.xes,aannkbkbeekbkbkklliihhggkkhhjjffccggkkhhddhhoo,46,ONLY_EDGE_INFORMATION_PREVIOUS,0,VPTree+Transformed,1.48637,,0
weekend.bpmn,weekend.xes,aannkbkbeekbkbkklliihhggkkhhjjffccggkkhhddhhoo,46,ONLY_EDGE_INFORMATION_PREVIOUS,0,VPKDTreeMinkowski+Transformed,1.37836,,0
weekend.bpmn,weekend.xes,aannkbkbeekbkbkklliihhggkkhhjjffccggkkhhddhhoo,46,ONLY_EDGE_INFORMATION_PREVIOUS,0,VPTree+Embedding,4.0006,,0
weekend.bpmn,weekend.xes,aannkbkbeekbkbkklliihhggkkhhjjffccggkkhhddhhoo,46,ONLY_EDGE_INFORMATION_PREVIOUS,0,VPKDTreeMinkowski+Embedding,1.27905,,0
weekend.bpmn,weekend.xes,aannkkbbmmlliihhkkgghhcchhbbhhkbbkcchhkbbkhhoo,46,ONLY_EDGE_INFORMATION_PREVIOUS,0,VPTree+Metric,3.173,,0
weekend.bpmn,weekend.xes,aannkkbbmmlliihhkkgghhcchhbbhhkbbkcchhkbbkhhoo,46,ONLY_EDGE_INFORMATION_PREVIOUS,0,VPTree+Transformed,1.38655,,0
weekend.bpmn,weekend.xes,aannkkbbmmlliihhkkgghhcchhbbhhkbbkcchhkbbkhhoo,46,ONLY_EDGE_INFORMATION_PREVIOUS,0,VPKDTreeMinkowski+Transformed,1.22848,,0
weekend.bpmn,weekend.xes,aannkkbbmmlliihhkkgghhcchhbbhhkbbkcchhkbbkhhoo,46,ONLY_EDGE_INFORMATION_PREVIOUS,0,VPTree+Embedding,3.62432,,0
weekend.bpmn,weekend.xes,aannkkbbmmlliihhkkgghhcchhbbhhkbbkcchhkbbkhhoo,46,ONLY_EDGE_INFORMATION_PREVIOUS,0,VPKDTreeMinkowski+Embedding,1.13013,,0
weekend.bpmn,weekend.xes,aabbeekknnkknnkklilikkbbeebbeeccggjjffcchhkkhheebbeehhoo,56,ONLY_EDGE_INFORMATION_PREVIOUS,0,VPTree+Metric,3.173,,0
weekend.bpmn,weekend.xes,aabbeekknnkknnkklilikkbbeebbeeccggjjffcchhkkhheebbeehhoo,56,ONLY_EDGE_INFORMATION_PREVIOUS,0,VPTree+Transformed,1.59907,,0
weekend.bpmn,weekend.xes,aabbeekknnkknnkklilikkbbeebbeeccggjjffcchhkkhheebbeehhoo,56,ONLY_EDGE_INFORMATION_PREVIOUS,0,VPKDTreeMinkowski+Transformed,1.34596,,0
weekend.bpmn,weekend.xes,aabbeekknnkknnkklilikkbbeebbeeccggjjffcchhkkhheebbeehhoo,56,ONLY_EDGE_INFORMATION_PREVIOUS,0,VPTree+Embedding,3.86623,,0
weekend.bpmn,weekend.xes,aabbeekknnkknnkklilikkbbeebbeeccggjjffcchhkkhheebbeehhoo,56,ONLY_EDGE_INFORMATION_PREVIOUS,0,VPKDTreeMinkowski+Embedding,1.4124,,0
weekend.bpmn,weekend.xes,aaeebbeekkbbeennkklliibbmmbbeebbeeccggkkjjffcckkhhbbeeggoo,58,ONLY_EDGE_INFORMATION_PREVIOUS,0,VPTree+Metric,3.173,,0
weekend.bpmn,weekend.xes,aaeebbeekkbbeennkklliibbmmbbeebbeeccggkkjjffcckkhhbbeeggoo,58,ONLY_EDGE_INFORMATION_PREVIOUS,0,VPTree+Transformed,1.87308,,0
weekend.bpmn,weekend.xes,aaeebbeekkbbeennkklliibbmmbbeebbeeccggkkjjffcckkhhbbeeggoo,58,ONLY_EDGE_INFORMATION_PREVIOUS,0,VPKDTreeMinkowski+Transformed,1.91085,,0
weekend.bpmn,weekend.xes,aaeebbeekkbbeennkklliibbmmbbeebbeeccggkkjjffcckkhhbbeeggoo,58,ONLY_EDGE_INFORMATION_PREVIOUS,0,VPTree+Embedding,5.08308,,0
weekend.bpmn,weekend.xes,aaeebbeekkbbeennkklliibbmmbbeebbeeccggkkjjffcckkhhbbeeggoo,58,ONLY_EDGE_INFORMATION_PREVIOUS,0,VPKDTreeMinkowski+Embedding,1.9187,,0
weekend.bpmn,weekend.xes,aabbkbkbnnkklliimmbbeebbeeggbbeehhggkbbkkkhhcckkbbeebbeeggoo,60,ONLY_EDGE_INFORMATION_PREVIOUS,0,VPTree+Metric,3.173,,0
weekend.bpmn,weekend.xes,aabbkbkbnnkklliimmbbeebbeeggbbeehhggkbbkkkhhcckkbbeebbeeggoo,60,ONLY_EDGE_INFORMATION_PREVIOUS,0,VPTree+Transformed,2.05511,,0
weekend.bpmn,weekend.xes,aabbkbkbnnkklliimmbbeebbeeggbbeehhggkbbkkkhhcckkbbeebbeeggoo,60,ONLY_EDGE_INFORMATION_PREVIOUS,0,VPKDTreeMinkowski+Transformed,1.9598,,0
weekend.bpmn,weekend.xes,aabbkbkbnnkklliimmbbeebbeeggbbeehhggkbbkkkhhcckkbbeebbeeggoo,60,ONLY_EDGE_INFORMATION_PREVIOUS,0,VPTree+Embedding,5.16123,,0
weekend.bpmn,weekend.xes,aabbkbkbnnkklliimmbbeebbeeggbbeehhggkbbkkkhhcckkbbeebbeeggoo,60,ONLY_EDGE_INFORMATION_PREVIOUS,0,VPKDTreeMinkowski+Embedding,2.02885,,0
weekend.bpmn,weekend.xes,aahhnnkklliimmbbeegghhggjfjfcckbkbeebbhhggddbbhhcceebbeehhoo,60,ONLY_EDGE_INFORMATION_PREVIOUS,0,VPTree+Metric,3.173,,0
weekend.bpmn,weekend.xes,aahhnnkklliimmbbeegghhggjfjfcckbkbeebbhhggddbbhhcceebbeehhoo,60,ONLY_EDGE_INFORMATION_PREVIOUS,0,VPTree+Transformed,1.91568,,0
weekend.bpmn,weekend.xes,aahhnnkklliimmbbeegghhggjfjfcckbkbeebbhhggddbbhhcceebbeehhoo,60,ONLY_EDGE_INFORMATION_PREVIOUS,0,VPKDTreeMinkowski+Transformed,1.71578,,0
weekend.bpmn,weekend.xes,aahhnnkklliimmbbeegghhggjfjfcckbkbeebbhhggddbbhhcceebbeehhoo,60,ONLY_EDGE_INFORMATION_PREVIOUS,0,VPTree+Embedding,4.49202,,0
weekend.bpmn,weekend.xes,aahhnnkklliimmbbeegghhggjfjfcckbkbeebbhhggddbbhhcceebbeehhoo,60,ONLY_EDGE_INFORMATION_PREVIOUS,0,VPKDTreeMinkowski+Embedding,1.59196,,0
weekend.bpmn,weekend.xes,aaeebbnnllkhkhccmmbbeebbkkcchheebbeeggkbbeekkbbkeehhcchhkkhhddhhcchhoo,70,ONLY_EDGE_INFORMATION_PREVIOUS,0,VPTree+Metric,3.173,,0
weekend.bpmn,weekend.xes,aaeebbnnllkhkhccmmbbeebbkkcchheebbeeggkbbeekkbbkeehhcchhkkhhddhhcchhoo,70,ONLY_EDGE_INFORMATION_PREVIOUS,0,VPTree+Transformed,1.57505,,0
weekend.bpmn,weekend.xes,aaeebbnnllkhkhccmmbbeebbkkcchheebbeeggkbbeekkbbkeehhcchhkkhhddhhcchhoo,70,ONLY_EDGE_INFORMATION_PREVIOUS,0,VPKDTreeMinkowski+Transformed,1.03791,,0
weekend.bpmn,weekend.xes,aaeebbnnllkhkhccmmbbeebbkkcchheebbeeggkbbeekkbbkeehhcchhkkhhddhhcchhoo,70,ONLY_EDGE_INFORMATION_PREVIOUS,0,VPTree+Embedding,2.42401,,0
weekend.bpmn,weekend.xes,aaeebbnnllkhkhccmmbbeebbkkcchheebbeeggkbbeekkbbkeehhcchhkkhhddhhcchhoo,70,ONLY_EDGE_INFORMATION_PREVIOUS,0,VPKDTreeMinkowski+Embedding,0.95398,,0
