input_file,traces_file,query,querySize,strategyName,noise,dulcior,tuning_factor,use_path_lambda_factor,lambda,max_length,min_prob,LogGeneralizationMetric,forGeneralization,,0
weekend.bpmn,weekend.xes,aahhnnkkbbmmlliihhjjffkkbboo,28,ONLY_EDGE_INFORMATION_PROPOSED,0,T,0,T,0.07,10,1e-05,Spearman,0.780303,,0
weekend.bpmn,weekend.xes,aahnnkkbbmmlliihhjjffkkbboo,27,ONLY_EDGE_INFORMATION_PROPOSED,1,T,0,T,0.07,10,1e-05,Spearman,0.781585,,0
weekend.bpmn,weekend.xes,aahnnkkbbmmlliihhjjffkkbboo,27,ONLY_EDGE_INFORMATION_PROPOSED,1,T,0,T,0.07,10,1e-05,WithNoiseDistanceSpearman,0.999516,,0
weekend.bpmn,weekend.xes,ahhnnkkbbmmlliihhjjffkkbboo,27,ONLY_EDGE_INFORMATION_PROPOSED,1,T,0,T,0.07,10,1e-05,Spearman,0.782322,,0
weekend.bpmn,weekend.xes,ahhnnkkbbmmlliihhjjffkkbboo,27,ONLY_EDGE_INFORMATION_PROPOSED,1,T,0,T,0.07,10,1e-05,WithNoiseDistanceSpearman,0.999544,,0
weekend.bpmn,weekend.xes,aahhnnkbbmmlliihhjjffkkboo,26,ONLY_EDGE_INFORMATION_PROPOSED,2,T,0,T,0.07,10,1e-05,Spearman,0.765901,,0
weekend.bpmn,weekend.xes,aahhnnkbbmmlliihhjjffkkboo,26,ONLY_EDGE_INFORMATION_PROPOSED,2,T,0,T,0.07,10,1e-05,WithNoiseDistanceSpearman,0.997213,,0
weekend.bpmn,weekend.xes,ahhnnkkbmmlliihhjjffkkbboo,26,ONLY_EDGE_INFORMATION_PROPOSED,2,T,0,T,0.07,10,1e-05,Spearman,0.766828,,0
weekend.bpmn,weekend.xes,ahhnnkkbmmlliihhjjffkkbboo,26,ONLY_EDGE_INFORMATION_PROPOSED,2,T,0,T,0.07,10,1e-05,WithNoiseDistanceSpearman,0.997683,,0
weekend.bpmn,weekend.xes,aahhnklkbbmmlliihhjjffkkbboo,28,ONLY_EDGE_INFORMATION_PROPOSED,3,T,0,T,0.07,10,1e-05,Spearman,0.783096,,0
weekend.bpmn,weekend.xes,aahhnklkbbmmlliihhjjffkkbboo,28,ONLY_EDGE_INFORMATION_PROPOSED,3,T,0,T,0.07,10,1e-05,WithNoiseDistanceSpearman,0.999677,,0
weekend.bpmn,weekend.xes,aahhnnkkbmmlliihhljjffkkbboo,28,ONLY_EDGE_INFORMATION_PROPOSED,3,T,0,T,0.07,10,1e-05,Spearman,0.767006,,0
weekend.bpmn,weekend.xes,aahhnnkkbmmlliihhljjffkkbboo,28,ONLY_EDGE_INFORMATION_PROPOSED,3,T,0,T,0.07,10,1e-05,WithNoiseDistanceSpearman,0.997851,,0
weekend.bpmn,weekend.xes,aahbhmnnkbbmmliihhjjffkkbboo,28,ONLY_EDGE_INFORMATION_PROPOSED,4,T,0,T,0.07,10,1e-05,Spearman,0.910167,,0
weekend.bpmn,weekend.xes,aahbhmnnkbbmmliihhjjffkkbboo,28,ONLY_EDGE_INFORMATION_PROPOSED,4,T,0,T,0.07,10,1e-05,WithNoiseDistanceSpearman,0.921188,,0
weekend.bpmn,weekend.xes,aihhnnkkbbmmllaihhjjffkkbboo,28,ONLY_EDGE_INFORMATION_PROPOSED,4,T,0,T,0.07,10,1e-05,Spearman,0.771563,,0
weekend.bpmn,weekend.xes,aihhnnkkbbmmllaihhjjffkkbboo,28,ONLY_EDGE_INFORMATION_PROPOSED,4,T,0,T,0.07,10,1e-05,WithNoiseDistanceSpearman,0.99734,,0
weekend.bpmn,weekend.xes,aannkbkbmmllihihbbhhbbgghhkhkhoo,32,ONLY_EDGE_INFORMATION_PROPOSED,0,T,0,T,0.07,10,1e-05,Spearman,0.909112,,0
weekend.bpmn,weekend.xes,aannkbkbmmllihihbbhbbgghhkhkhoo,31,ONLY_EDGE_INFORMATION_PROPOSED,1,T,0,T,0.07,10,1e-05,Spearman,0.908179,,0
weekend.bpmn,weekend.xes,aannkbkbmmllihihbbhbbgghhkhkhoo,31,ONLY_EDGE_INFORMATION_PROPOSED,1,T,0,T,0.07,10,1e-05,WithNoiseDistanceSpearman,0.99985,,0
weekend.bpmn,weekend.xes,annkbkbmmllihihbbhhbbgghhkhkhoo,31,ONLY_EDGE_INFORMATION_PROPOSED,1,T,0,T,0.07,10,1e-05,Spearman,0.909595,,0
weekend.bpmn,weekend.xes,annkbkbmmllihihbbhhbbgghhkhkhoo,31,ONLY_EDGE_INFORMATION_PROPOSED,1,T,0,T,0.07,10,1e-05,WithNoiseDistanceSpearman,0.999834,,0
weekend.bpmn,weekend.xes,aankbkbmllihihbbhhbbgghhkhkhoo,30,ONLY_EDGE_INFORMATION_PROPOSED,2,T,0,T,0.07,10,1e-05,Spearman,0.910098,,0
weekend.bpmn,weekend.xes,aankbkbmllihihbbhhbbgghhkhkhoo,30,ONLY_EDGE_INFORMATION_PROPOSED,2,T,0,T,0.07,10,1e-05,WithNoiseDistanceSpearman,0.999529,,0
weekend.bpmn,weekend.xes,aannkbkbmmllhihbbhhbbgghhkhkho,30,ONLY_EDGE_INFORMATION_PROPOSED,2,T,0,T,0.07,10,1e-05,Spearman,0.917814,,0
weekend.bpmn,weekend.xes,aannkbkbmmllhihbbhhbbgghhkhkho,30,ONLY_EDGE_INFORMATION_PROPOSED,2,T,0,T,0.07,10,1e-05,WithNoiseDistanceSpearman,0.997109,,0
weekend.bpmn,weekend.xes,laankbkbmmllihihbbhhbbgghhkhkhoo,32,ONLY_EDGE_INFORMATION_PROPOSED,3,T,0,T,0.07,10,1e-05,Spearman,0.910854,,0
weekend.bpmn,weekend.xes,laankbkbmmllihihbbhhbbgghhkhkhoo,32,ONLY_EDGE_INFORMATION_PROPOSED,3,T,0,T,0.07,10,1e-05,WithNoiseDistanceSpearman,0.999534,,0
weekend.bpmn,weekend.xes,aannkbkmmllihihbbhhbbgghhkhkhmoo,32,ONLY_EDGE_INFORMATION_PROPOSED,3,T,0,T,0.07,10,1e-05,Spearman,0.899789,,0
weekend.bpmn,weekend.xes,aannkbkmmllihihbbhhbbgghhkhkhmoo,32,ONLY_EDGE_INFORMATION_PROPOSED,3,T,0,T,0.07,10,1e-05,WithNoiseDistanceSpearman,0.98753,,0
weekend.bpmn,weekend.xes,aannbbkmmllihihbbhahbbgghhkhkhoo,32,ONLY_EDGE_INFORMATION_PROPOSED,4,T,0,T,0.07,10,1e-05,Spearman,0.93768,,0
weekend.bpmn,weekend.xes,aannbbkmmllihihbbhahbbgghhkhkhoo,32,ONLY_EDGE_INFORMATION_PROPOSED,4,T,0,T,0.07,10,1e-05,WithNoiseDistanceSpearman,0.994798,,0
weekend.bpmn,weekend.xes,aannkbkbmmllhihhbhblbbgghhkhkhoo,32,ONLY_EDGE_INFORMATION_PROPOSED,4,T,0,T,0.07,10,1e-05,Spearman,0.913714,,0
weekend.bpmn,weekend.xes,aannkbkbmmllhihhbhblbbgghhkhkhoo,32,ONLY_EDGE_INFORMATION_PROPOSED,4,T,0,T,0.07,10,1e-05,WithNoiseDistanceSpearman,0.996551,,0
weekend.bpmn,weekend.xes,aabbhhnnkkbbmmlliihhbbgghhbbggoo,32,ONLY_EDGE_INFORMATION_PROPOSED,0,T,0,T,0.07,10,1e-05,Spearman,0.984378,,0
weekend.bpmn,weekend.xes,aabbhhnnkkbbmmliihhbbgghhbbggoo,31,ONLY_EDGE_INFORMATION_PROPOSED,1,T,0,T,0.07,10,1e-05,Spearman,0.984965,,0
weekend.bpmn,weekend.xes,aabbhhnnkkbbmmliihhbbgghhbbggoo,31,ONLY_EDGE_INFORMATION_PROPOSED,1,T,0,T,0.07,10,1e-05,WithNoiseDistanceSpearman,0.999441,,0
weekend.bpmn,weekend.xes,aabbhhnnkkbbmmllihhbbgghhbbggoo,31,ONLY_EDGE_INFORMATION_PROPOSED,1,T,0,T,0.07,10,1e-05,Spearman,0.984869,,0
weekend.bpmn,weekend.xes,aabbhhnnkkbbmmllihhbbgghhbbggoo,31,ONLY_EDGE_INFORMATION_PROPOSED,1,T,0,T,0.07,10,1e-05,WithNoiseDistanceSpearman,0.999691,,0
weekend.bpmn,weekend.xes,aabhhnnkkbbmmlliihbbgghhbbggoo,30,ONLY_EDGE_INFORMATION_PROPOSED,2,T,0,T,0.07,10,1e-05,Spearman,0.984414,,0
weekend.bpmn,weekend.xes,aabhhnnkkbbmmlliihbbgghhbbggoo,30,ONLY_EDGE_INFORMATION_PROPOSED,2,T,0,T,0.07,10,1e-05,WithNoiseDistanceSpearman,0.999435,,0
weekend.bpmn,weekend.xes,aabbhhnnkkbmmlliihbbgghhbbggoo,30,ONLY_EDGE_INFORMATION_PROPOSED,2,T,0,T,0.07,10,1e-05,Spearman,0.984929,,0
weekend.bpmn,weekend.xes,aabbhhnnkkbmmlliihbbgghhbbggoo,30,ONLY_EDGE_INFORMATION_PROPOSED,2,T,0,T,0.07,10,1e-05,WithNoiseDistanceSpearman,0.999571,,0
weekend.bpmn,weekend.xes,aabbhnnnkkbbmmlliihhbbgghhbbggoo,32,ONLY_EDGE_INFORMATION_PROPOSED,3,T,0,T,0.07,10,1e-05,Spearman,0.985487,,0
weekend.bpmn,weekend.xes,aabbhnnnkkbbmmlliihhbbgghhbbggoo,32,ONLY_EDGE_INFORMATION_PROPOSED,3,T,0,T,0.07,10,1e-05,WithNoiseDistanceSpearman,0.999202,,0
weekend.bpmn,weekend.xes,habbhannkkbbmmlliihhbbgghhbbggoo,32,ONLY_EDGE_INFORMATION_PROPOSED,3,T,0,T,0.07,10,1e-05,Spearman,0.985039,,0
weekend.bpmn,weekend.xes,habbhannkkbbmmlliihhbbgghhbbggoo,32,ONLY_EDGE_INFORMATION_PROPOSED,3,T,0,T,0.07,10,1e-05,WithNoiseDistanceSpearman,0.998723,,0
weekend.bpmn,weekend.xes,nabbhhankkbbmmlliihhbbgghhbbggoo,32,ONLY_EDGE_INFORMATION_PROPOSED,4,T,0,T,0.07,10,1e-05,Spearman,0.984924,,0
weekend.bpmn,weekend.xes,nabbhhankkbbmmlliihhbbgghhbbggoo,32,ONLY_EDGE_INFORMATION_PROPOSED,4,T,0,T,0.07,10,1e-05,WithNoiseDistanceSpearman,0.999091,,0
weekend.bpmn,weekend.xes,aabbhhnnakkbbmmliihhbbgghhbbggoo,32,ONLY_EDGE_INFORMATION_PROPOSED,4,T,0,T,0.07,10,1e-05,Spearman,0.934372,,0
weekend.bpmn,weekend.xes,aabbhhnnakkbbmmliihhbbgghhbbggoo,32,ONLY_EDGE_INFORMATION_PROPOSED,4,T,0,T,0.07,10,1e-05,WithNoiseDistanceSpearman,0.952963,,0
weekend.bpmn,weekend.xes,aannkbkbeekbkbkklliihhggkkhhjjffccggkkhhddhhoo,46,ONLY_EDGE_INFORMATION_PROPOSED,0,T,0,T,0.07,10,1e-05,Spearman,0.824629,,0
weekend.bpmn,weekend.xes,annkbkbeekbkbkklliihhggkkhhjjffccggkkhhddhhoo,45,ONLY_EDGE_INFORMATION_PROPOSED,1,T,0,T,0.07,10,1e-05,Spearman,0.828384,,0
weekend.bpmn,weekend.xes,annkbkbeekbkbkklliihhggkkhhjjffccggkkhhddhhoo,45,ONLY_EDGE_INFORMATION_PROPOSED,1,T,0,T,0.07,10,1e-05,WithNoiseDistanceSpearman,0.998937,,0
weekend.bpmn,weekend.xes,aankbkbeekbkbkklliihhggkkhhjjffccggkkhhddhhoo,45,ONLY_EDGE_INFORMATION_PROPOSED,1,T,0,T,0.07,10,1e-05,Spearman,0.868313,,0
weekend.bpmn,weekend.xes,aankbkbeekbkbkklliihhggkkhhjjffccggkkhhddhhoo,45,ONLY_EDGE_INFORMATION_PROPOSED,1,T,0,T,0.07,10,1e-05,WithNoiseDistanceSpearman,0.989021,,0
weekend.bpmn,weekend.xes,aannkbkbekbkbkkllihhggkkhhjjffccggkkhhddhhoo,44,ONLY_EDGE_INFORMATION_PROPOSED,2,T,0,T,0.07,10,1e-05,Spearman,0.817849,,0
weekend.bpmn,weekend.xes,aannkbkbekbkbkkllihhggkkhhjjffccggkkhhddhhoo,44,ONLY_EDGE_INFORMATION_PROPOSED,2,T,0,T,0.07,10,1e-05,WithNoiseDistanceSpearman,0.99922,,0
weekend.bpmn,weekend.xes,aankbkbeekbkkklliihhggkkhhjjffccggkkhhddhhoo,44,ONLY_EDGE_INFORMATION_PROPOSED,2,T,0,T,0.07,10,1e-05,Spearman,0.86722,,0
weekend.bpmn,weekend.xes,aankbkbeekbkkklliihhggkkhhjjffccggkkhhddhhoo,44,ONLY_EDGE_INFORMATION_PROPOSED,2,T,0,T,0.07,10,1e-05,WithNoiseDistanceSpearman,0.98907,,0
weekend.bpmn,weekend.xes,aannkbkbmekbkbkklliihhggkkhhjjffccggkkhhddhhoo,46,ONLY_EDGE_INFORMATION_PROPOSED,3,T,0,T,0.07,10,1e-05,Spearman,0.830272,,0
weekend.bpmn,weekend.xes,aannkbkbmekbkbkklliihhggkkhhjjffccggkkhhddhhoo,46,ONLY_EDGE_INFORMATION_PROPOSED,3,T,0,T,0.07,10,1e-05,WithNoiseDistanceSpearman,0.985718,,0
weekend.bpmn,weekend.xes,anannkbkbekbkbkklliihhggkkhhjjffccggkkhhddhhoo,46,ONLY_EDGE_INFORMATION_PROPOSED,3,T,0,T,0.07,10,1e-05,Spearman,0.814245,,0
weekend.bpmn,weekend.xes,anannkbkbekbkbkklliihhggkkhhjjffccggkkhhddhhoo,46,ONLY_EDGE_INFORMATION_PROPOSED,3,T,0,T,0.07,10,1e-05,WithNoiseDistanceSpearman,0.998961,,0
weekend.bpmn,weekend.xes,aciankbkbeebkbkklliihhggkkhhjjffccggkkhhddhhoo,46,ONLY_EDGE_INFORMATION_PROPOSED,4,T,0,T,0.07,10,1e-05,Spearman,0.908018,,0
weekend.bpmn,weekend.xes,aciankbkbeebkbkklliihhggkkhhjjffccggkkhhddhhoo,46,ONLY_EDGE_INFORMATION_PROPOSED,4,T,0,T,0.07,10,1e-05,WithNoiseDistanceSpearman,0.963124,,0
weekend.bpmn,weekend.xes,aankbkbemkbkbkkllciihhggkkhhjjffccggkkhhddhhoo,46,ONLY_EDGE_INFORMATION_PROPOSED,4,T,0,T,0.07,10,1e-05,Spearman,0.881724,,0
weekend.bpmn,weekend.xes,aankbkbemkbkbkkllciihhggkkhhjjffccggkkhhddhhoo,46,ONLY_EDGE_INFORMATION_PROPOSED,4,T,0,T,0.07,10,1e-05,WithNoiseDistanceSpearman,0.970623,,0
weekend.bpmn,weekend.xes,aannkkbbmmlliihhkkgghhcchhbbhhkbbkcchhkbbkhhoo,46,ONLY_EDGE_INFORMATION_PROPOSED,0,T,0,T,0.07,10,1e-05,Spearman,0.80604,,0
weekend.bpmn,weekend.xes,aannkkbbmlliihhkkgghhcchhbbhhkbbkcchhkbbkhhoo,45,ONLY_EDGE_INFORMATION_PROPOSED,1,T,0,T,0.07,10,1e-05,Spearman,0.807988,,0
weekend.bpmn,weekend.xes,aannkkbbmlliihhkkgghhcchhbbhhkbbkcchhkbbkhhoo,45,ONLY_EDGE_INFORMATION_PROPOSED,1,T,0,T,0.07,10,1e-05,WithNoiseDistanceSpearman,0.999847,,0
weekend.bpmn,weekend.xes,aannkkbbmmlliihkkgghhcchhbbhhkbbkcchhkbbkhhoo,45,ONLY_EDGE_INFORMATION_PROPOSED,1,T,0,T,0.07,10,1e-05,Spearman,0.808237,,0
weekend.bpmn,weekend.xes,aannkkbbmmlliihkkgghhcchhbbhhkbbkcchhkbbkhhoo,45,ONLY_EDGE_INFORMATION_PROPOSED,1,T,0,T,0.07,10,1e-05,WithNoiseDistanceSpearman,0.999861,,0
weekend.bpmn,weekend.xes,aannkbbmmllihhkkgghhcchhbbhhkbbkcchhkbbkhhoo,44,ONLY_EDGE_INFORMATION_PROPOSED,2,T,0,T,0.07,10,1e-05,Spearman,0.828096,,0
weekend.bpmn,weekend.xes,aannkbbmmllihhkkgghhcchhbbhhkbbkcchhkbbkhhoo,44,ONLY_EDGE_INFORMATION_PROPOSED,2,T,0,T,0.07,10,1e-05,WithNoiseDistanceSpearman,0.997379,,0
weekend.bpmn,weekend.xes,aannkkbbmlliihhkkgghhcchhbbhhbbkcchhkbbkhhoo,44,ONLY_EDGE_INFORMATION_PROPOSED,2,T,0,T,0.07,10,1e-05,Spearman,0.809693,,0
weekend.bpmn,weekend.xes,aannkkbbmlliihhkkgghhcchhbbhhbbkcchhkbbkhhoo,44,ONLY_EDGE_INFORMATION_PROPOSED,2,T,0,T,0.07,10,1e-05,WithNoiseDistanceSpearman,0.999738,,0
weekend.bpmn,weekend.xes,aanndkkbbmmlliihhkkgghhcchhbbhhkbkcchhkbbkhhoo,46,ONLY_EDGE_INFORMATION_PROPOSED,3,T,0,T,0.07,10,1e-05,Spearman,0.806614,,0
weekend.bpmn,weekend.xes,aanndkkbbmmlliihhkkgghhcchhbbhhkbkcchhkbbkhhoo,46,ONLY_EDGE_INFORMATION_PROPOSED,3,T,0,T,0.07,10,1e-05,WithNoiseDistanceSpearman,0.997268,,0
weekend.bpmn,weekend.xes,aannkibbmmlliihhkkgghhcchhbbhhkbbkcchhkbbkhhoo,46,ONLY_EDGE_INFORMATION_PROPOSED,3,T,0,T,0.07,10,1e-05,Spearman,0.80924,,0
weekend.bpmn,weekend.xes,aannkibbmmlliihhkkgghhcchhbbhhkbbkcchhkbbkhhoo,46,ONLY_EDGE_INFORMATION_PROPOSED,3,T,0,T,0.07,10,1e-05,WithNoiseDistanceSpearman,0.999652,,0
weekend.bpmn,weekend.xes,aannakkbmmlliihhkkgghhcchhbbhhkbbkcchhkbbkhhoo,46,ONLY_EDGE_INFORMATION_PROPOSED,4,T,0,T,0.07,10,1e-05,Spearman,0.86777,,0
weekend.bpmn,weekend.xes,aannakkbmmlliihhkkgghhcchhbbhhkbbkcchhkbbkhhoo,46,ONLY_EDGE_INFORMATION_PROPOSED,4,T,0,T,0.07,10,1e-05,WithNoiseDistanceSpearman,0.973325,,0
weekend.bpmn,weekend.xes,aalnkkdbbmlniihhkkgghhcchhbbhhkbbkcchhkbbkhhoo,46,ONLY_EDGE_INFORMATION_PROPOSED,4,T,0,T,0.07,10,1e-05,Spearman,0.809502,,0
weekend.bpmn,weekend.xes,aalnkkdbbmlniihhkkgghhcchhbbhhkbbkcchhkbbkhhoo,46,ONLY_EDGE_INFORMATION_PROPOSED,4,T,0,T,0.07,10,1e-05,WithNoiseDistanceSpearman,0.998006,,0
weekend.bpmn,weekend.xes,aabbeekknnkknnkklilikkbbeebbeeccggjjffcchhkkhheebbeehhoo,56,ONLY_EDGE_INFORMATION_PROPOSED,0,T,0,T,0.07,10,1e-05,Spearman,0.980289,,0
weekend.bpmn,weekend.xes,aabbeekknnkknnkklilikkbbeebbeeccggjjffcchhkkhhebbeehhoo,55,ONLY_EDGE_INFORMATION_PROPOSED,1,T,0,T,0.07,10,1e-05,Spearman,0.982434,,0
weekend.bpmn,weekend.xes,aabbeekknnkknnkklilikkbbeebbeeccggjjffcchhkkhhebbeehhoo,55,ONLY_EDGE_INFORMATION_PROPOSED,1,T,0,T,0.07,10,1e-05,WithNoiseDistanceSpearman,0.999737,,0
weekend.bpmn,weekend.xes,aabbeeknnkknnkklilikkbbeebbeeccggjjffcchhkkhheebbeehhoo,55,ONLY_EDGE_INFORMATION_PROPOSED,1,T,0,T,0.07,10,1e-05,Spearman,0.981455,,0
weekend.bpmn,weekend.xes,aabbeeknnkknnkklilikkbbeebbeeccggjjffcchhkkhheebbeehhoo,55,ONLY_EDGE_INFORMATION_PROPOSED,1,T,0,T,0.07,10,1e-05,WithNoiseDistanceSpearman,0.999888,,0
weekend.bpmn,weekend.xes,aabbeekknnkknkklilikbbeebbeeccggjjffcchhkkhheebbeehhoo,54,ONLY_EDGE_INFORMATION_PROPOSED,2,T,0,T,0.07,10,1e-05,Spearman,0.981021,,0
weekend.bpmn,weekend.xes,aabbeekknnkknkklilikbbeebbeeccggjjffcchhkkhheebbeehhoo,54,ONLY_EDGE_INFORMATION_PROPOSED,2,T,0,T,0.07,10,1e-05,WithNoiseDistanceSpearman,0.999732,,0
weekend.bpmn,weekend.xes,abeekknnkknnkklilikkbbeebbeeccggjjffcchhkkhheebbeehhoo,54,ONLY_EDGE_INFORMATION_PROPOSED,2,T,0,T,0.07,10,1e-05,Spearman,0.979133,,0
weekend.bpmn,weekend.xes,abeekknnkknnkklilikkbbeebbeeccggjjffcchhkkhheebbeehhoo,54,ONLY_EDGE_INFORMATION_PROPOSED,2,T,0,T,0.07,10,1e-05,WithNoiseDistanceSpearman,0.999646,,0
weekend.bpmn,weekend.xes,abbeekkhnnkknnkklilikkbbeebbeeccggjjffcchhkkhheebbeehhoo,56,ONLY_EDGE_INFORMATION_PROPOSED,3,T,0,T,0.07,10,1e-05,Spearman,0.977524,,0
weekend.bpmn,weekend.xes,abbeekkhnnkknnkklilikkbbeebbeeccggjjffcchhkkhheebbeehhoo,56,ONLY_EDGE_INFORMATION_PROPOSED,3,T,0,T,0.07,10,1e-05,WithNoiseDistanceSpearman,0.999465,,0
weekend.bpmn,weekend.xes,aabbeeknnakknnkklilikkbbeebbeeccggjjffcchhkkhheebbeehhoo,56,ONLY_EDGE_INFORMATION_PROPOSED,3,T,0,T,0.07,10,1e-05,Spearman,0.981356,,0
weekend.bpmn,weekend.xes,aabbeeknnakknnkklilikkbbeebbeeccggjjffcchhkkhheebbeehhoo,56,ONLY_EDGE_INFORMATION_PROPOSED,3,T,0,T,0.07,10,1e-05,WithNoiseDistanceSpearman,0.998978,,0
weekend.bpmn,weekend.xes,aadbeekknnkknnkklilikkbbeebbeeccggjjffcchhkkhheebbeehhoo,56,ONLY_EDGE_INFORMATION_PROPOSED,4,T,0,T,0.07,10,1e-05,Spearman,0.949957,,0
weekend.bpmn,weekend.xes,aadbeekknnkknnkklilikkbbeebbeeccggjjffcchhkkhheebbeehhoo,56,ONLY_EDGE_INFORMATION_PROPOSED,4,T,0,T,0.07,10,1e-05,WithNoiseDistanceSpearman,0.981501,,0
weekend.bpmn,weekend.xes,aabeekknnkknnkklilikkbbeebbeeccgghjjffcchhkkhheebbeehhoo,56,ONLY_EDGE_INFORMATION_PROPOSED,4,T,0,T,0.07,10,1e-05,Spearman,0.979588,,0
weekend.bpmn,weekend.xes,aabeekknnkknnkklilikkbbeebbeeccgghjjffcchhkkhheebbeehhoo,56,ONLY_EDGE_INFORMATION_PROPOSED,4,T,0,T,0.07,10,1e-05,WithNoiseDistanceSpearman,0.999472,,0
weekend.bpmn,weekend.xes,aaeebbeekkbbeennkklliibbmmbbeebbeeccggkkjjffcckkhhbbeeggoo,58,ONLY_EDGE_INFORMATION_PROPOSED,0,T,0,T,0.07,10,1e-05,Spearman,0.856503,,0
weekend.bpmn,weekend.xes,aaeebbeekbbeennkklliibbmmbbeebbeeccggkkjjffcckkhhbbeeggoo,57,ONLY_EDGE_INFORMATION_PROPOSED,1,T,0,T,0.07,10,1e-05,Spearman,0.855121,,0
weekend.bpmn,weekend.xes,aaeebbeekbbeennkklliibbmmbbeebbeeccggkkjjffcckkhhbbeeggoo,57,ONLY_EDGE_INFORMATION_PROPOSED,1,T,0,T,0.07,10,1e-05,WithNoiseDistanceSpearman,0.999415,,0
weekend.bpmn,weekend.xes,aaeebbeekkbbeennkkllibbmmbbeebbeeccggkkjjffcckkhhbbeeggoo,57,ONLY_EDGE_INFORMATION_PROPOSED,1,T,0,T,0.07,10,1e-05,Spearman,0.858146,,0
weekend.bpmn,weekend.xes,aaeebbeekkbbeennkkllibbmmbbeebbeeccggkkjjffcckkhhbbeeggoo,57,ONLY_EDGE_INFORMATION_PROPOSED,1,T,0,T,0.07,10,1e-05,WithNoiseDistanceSpearman,0.999631,,0
weekend.bpmn,weekend.xes,aeebbeekkbbennkklliibbmmbbeebbeeccggkkjjffcckkhhbbeeggoo,56,ONLY_EDGE_INFORMATION_PROPOSED,2,T,0,T,0.07,10,1e-05,Spearman,0.856433,,0
weekend.bpmn,weekend.xes,aeebbeekkbbennkklliibbmmbbeebbeeccggkkjjffcckkhhbbeeggoo,56,ONLY_EDGE_INFORMATION_PROPOSED,2,T,0,T,0.07,10,1e-05,WithNoiseDistanceSpearman,0.999717,,0
weekend.bpmn,weekend.xes,aaeebbeekkbbeennkklliibmmbbeebbeeccggkkjjffcckkhhbeeggoo,56,ONLY_EDGE_INFORMATION_PROPOSED,2,T,0,T,0.07,10,1e-05,Spearman,0.856022,,0
weekend.bpmn,weekend.xes,aaeebbeekkbbeennkklliibmmbbeebbeeccggkkjjffcckkhhbeeggoo,56,ONLY_EDGE_INFORMATION_PROPOSED,2,T,0,T,0.07,10,1e-05,WithNoiseDistanceSpearman,0.999701,,0
weekend.bpmn,weekend.xes,baaeebbekkbbeennkklliibbmmbbeebbeeccggkkjjffcckkhhbbeeggoo,58,ONLY_EDGE_INFORMATION_PROPOSED,3,T,0,T,0.07,10,1e-05,Spearman,0.856503,,0
weekend.bpmn,weekend.xes,baaeebbekkbbeennkklliibbmmbbeebbeeccggkkjjffcckkhhbbeeggoo,58,ONLY_EDGE_INFORMATION_PROPOSED,3,T,0,T,0.07,10,1e-05,WithNoiseDistanceSpearman,1,,0
weekend.bpmn,weekend.xes,eaaebbeekkbbeennkklliibbmmbbeebbeeccggkkjjffcckkhhbbeeggoo,58,ONLY_EDGE_INFORMATION_PROPOSED,3,T,0,T,0.07,10,1e-05,Spearman,0.912466,,0
weekend.bpmn,weekend.xes,eaaebbeekkbbeennkklliibbmmbbeebbeeccggkkjjffcckkhhbbeeggoo,58,ONLY_EDGE_INFORMATION_PROPOSED,3,T,0,T,0.07,10,1e-05,WithNoiseDistanceSpearman,0.984222,,0
weekend.bpmn,weekend.xes,akeebeekabbeennkkllihibbmmbbeebbeeccggkkjjffcckkhhbbeeggoo,58,ONLY_EDGE_INFORMATION_PROPOSED,4,T,0,T,0.07,10,1e-05,Spearman,0.974255,,0
weekend.bpmn,weekend.xes,akeebeekabbeennkkllihibbmmbbeebbeeccggkkjjffcckkhhbbeeggoo,58,ONLY_EDGE_INFORMATION_PROPOSED,4,T,0,T,0.07,10,1e-05,WithNoiseDistanceSpearman,0.920758,,0
weekend.bpmn,weekend.xes,aeebbekkbbdeennkklbliibbmmbbeebbeeccggkkjjffcckkhhbbeeggoo,58,ONLY_EDGE_INFORMATION_PROPOSED,4,T,0,T,0.07,10,1e-05,Spearman,0.857522,,0
weekend.bpmn,weekend.xes,aeebbekkbbdeennkklbliibbmmbbeebbeeccggkkjjffcckkhhbbeeggoo,58,ONLY_EDGE_INFORMATION_PROPOSED,4,T,0,T,0.07,10,1e-05,WithNoiseDistanceSpearman,0.999279,,0
weekend.bpmn,weekend.xes,aabbkbkbnnkklliimmbbeebbeeggbbeehhggkbbkkkhhcckkbbeebbeeggoo,60,ONLY_EDGE_INFORMATION_PROPOSED,0,T,0,T,0.07,10,1e-05,Spearman,0.951223,,0
weekend.bpmn,weekend.xes,aabbkbkbnnkklliimmbbebbeeggbbeehhggkbbkkkhhcckkbbeebbeeggoo,59,ONLY_EDGE_INFORMATION_PROPOSED,1,T,0,T,0.07,10,1e-05,Spearman,0.952233,,0
weekend.bpmn,weekend.xes,aabbkbkbnnkklliimmbbebbeeggbbeehhggkbbkkkhhcckkbbeebbeeggoo,59,ONLY_EDGE_INFORMATION_PROPOSED,1,T,0,T,0.07,10,1e-05,WithNoiseDistanceSpearman,0.999631,,0
weekend.bpmn,weekend.xes,aabbkbkbnnkklliimmbbeebbeeggbbeehhggbbkkkhhcckkbbeebbeeggoo,59,ONLY_EDGE_INFORMATION_PROPOSED,1,T,0,T,0.07,10,1e-05,Spearman,0.951597,,0
weekend.bpmn,weekend.xes,aabbkbkbnnkklliimmbbeebbeeggbbeehhggbbkkkhhcckkbbeebbeeggoo,59,ONLY_EDGE_INFORMATION_PROPOSED,1,T,0,T,0.07,10,1e-05,WithNoiseDistanceSpearman,0.999912,,0
weekend.bpmn,weekend.xes,aabbkbkbnnkklliimbbebbeeggbbeehhggkbbkkkhhcckkbbeebbeeggoo,58,ONLY_EDGE_INFORMATION_PROPOSED,2,T,0,T,0.07,10,1e-05,Spearman,0.951635,,0
weekend.bpmn,weekend.xes,aabbkbkbnnkklliimbbebbeeggbbeehhggkbbkkkhhcckkbbeebbeeggoo,58,ONLY_EDGE_INFORMATION_PROPOSED,2,T,0,T,0.07,10,1e-05,WithNoiseDistanceSpearman,0.999668,,0
weekend.bpmn,weekend.xes,aabbkbkbnnkklliimbbebbeeggbbeehhggkbbkkkhhcckkbbeebbeeggoo,58,ONLY_EDGE_INFORMATION_PROPOSED,2,T,0,T,0.07,10,1e-05,Spearman,0.951635,,0
weekend.bpmn,weekend.xes,aabbkbkbnnkklliimbbebbeeggbbeehhggkbbkkkhhcckkbbeebbeeggoo,58,ONLY_EDGE_INFORMATION_PROPOSED,2,T,0,T,0.07,10,1e-05,WithNoiseDistanceSpearman,0.999668,,0
weekend.bpmn,weekend.xes,aabbkbbnnkklliimmbbeebbeeggbbeehhggkbnbkkkhhcckkbbeebbeeggoo,60,ONLY_EDGE_INFORMATION_PROPOSED,3,T,0,T,0.07,10,1e-05,Spearman,0.951603,,0
weekend.bpmn,weekend.xes,aabbkbbnnkklliimmbbeebbeeggbbeehhggkbnbkkkhhcckkbbeebbeeggoo,60,ONLY_EDGE_INFORMATION_PROPOSED,3,T,0,T,0.07,10,1e-05,WithNoiseDistanceSpearman,0.999562,,0
weekend.bpmn,weekend.xes,abbkbkbnnkklliimmbbheebbeeggbbeehhggkbbkkkhhcckkbbeebbeeggoo,60,ONLY_EDGE_INFORMATION_PROPOSED,3,T,0,T,0.07,10,1e-05,Spearman,0.969079,,0
weekend.bpmn,weekend.xes,abbkbkbnnkklliimmbbheebbeeggbbeehhggkbbkkkhhcckkbbeebbeeggoo,60,ONLY_EDGE_INFORMATION_PROPOSED,3,T,0,T,0.07,10,1e-05,WithNoiseDistanceSpearman,0.994488,,0
weekend.bpmn,weekend.xes,aabkbbnnnnkklliimmbbeebbeeggbbeehhggkbbkkkhhcckkbbeebbeeggoo,60,ONLY_EDGE_INFORMATION_PROPOSED,4,T,0,T,0.07,10,1e-05,Spearman,0.949567,,0
weekend.bpmn,weekend.xes,aabkbbnnnnkklliimmbbeebbeeggbbeehhggkbbkkkhhcckkbbeebbeeggoo,60,ONLY_EDGE_INFORMATION_PROPOSED,4,T,0,T,0.07,10,1e-05,WithNoiseDistanceSpearman,0.999468,,0
weekend.bpmn,weekend.xes,akbbnbkbnnkklliimmbbeebbeeggbbeehhggkbbkkkhhcckkbbeebbeeggoo,60,ONLY_EDGE_INFORMATION_PROPOSED,4,T,0,T,0.07,10,1e-05,Spearman,0.83458,,0
weekend.bpmn,weekend.xes,akbbnbkbnnkklliimmbbeebbeeggbbeehhggkbbkkkhhcckkbbeebbeeggoo,60,ONLY_EDGE_INFORMATION_PROPOSED,4,T,0,T,0.07,10,1e-05,WithNoiseDistanceSpearman,0.943217,,0
weekend.bpmn,weekend.xes,aahhnnkklliimmbbeegghhggjfjfcckbkbeebbhhggddbbhhcceebbeehhoo,60,ONLY_EDGE_INFORMATION_PROPOSED,0,T,0,T,0.07,10,1e-05,Spearman,0.945582,,0
weekend.bpmn,weekend.xes,aahnnkklliimmbbeegghhggjfjfcckbkbeebbhhggddbbhhcceebbeehhoo,59,ONLY_EDGE_INFORMATION_PROPOSED,1,T,0,T,0.07,10,1e-05,Spearman,0.947148,,0
weekend.bpmn,weekend.xes,aahnnkklliimmbbeegghhggjfjfcckbkbeebbhhggddbbhhcceebbeehhoo,59,ONLY_EDGE_INFORMATION_PROPOSED,1,T,0,T,0.07,10,1e-05,WithNoiseDistanceSpearman,0.99949,,0
weekend.bpmn,weekend.xes,aahhnkklliimmbbeegghhggjfjfcckbkbeebbhhggddbbhhcceebbeehhoo,59,ONLY_EDGE_INFORMATION_PROPOSED,1,T,0,T,0.07,10,1e-05,Spearman,0.948876,,0
weekend.bpmn,weekend.xes,aahhnkklliimmbbeegghhggjfjfcckbkbeebbhhggddbbhhcceebbeehhoo,59,ONLY_EDGE_INFORMATION_PROPOSED,1,T,0,T,0.07,10,1e-05,WithNoiseDistanceSpearman,0.999407,,0
weekend.bpmn,weekend.xes,aahhnkklliimmbbeegghhggjfjfcckbkbeebbhhggddbbhhccebbeehhoo,58,ONLY_EDGE_INFORMATION_PROPOSED,2,T,0,T,0.07,10,1e-05,Spearman,0.948203,,0
weekend.bpmn,weekend.xes,aahhnkklliimmbbeegghhggjfjfcckbkbeebbhhggddbbhhccebbeehhoo,58,ONLY_EDGE_INFORMATION_PROPOSED,2,T,0,T,0.07,10,1e-05,WithNoiseDistanceSpearman,0.999466,,0
weekend.bpmn,weekend.xes,aahhnkkliimmbbeegghhggjfjfcckbkbeebbhhggddbbhhcceebbeehhoo,58,ONLY_EDGE_INFORMATION_PROPOSED,2,T,0,T,0.07,10,1e-05,Spearman,0.947874,,0
weekend.bpmn,weekend.xes,aahhnkkliimmbbeegghhggjfjfcckbkbeebbhhggddbbhhcceebbeehhoo,58,ONLY_EDGE_INFORMATION_PROPOSED,2,T,0,T,0.07,10,1e-05,WithNoiseDistanceSpearman,0.999452,,0
weekend.bpmn,weekend.xes,naahnnkklliimmbbeegghhggjfjfcckbkbeebbhhggddbbhhcceebbeehhoo,60,ONLY_EDGE_INFORMATION_PROPOSED,3,T,0,T,0.07,10,1e-05,Spearman,0.945358,,0
weekend.bpmn,weekend.xes,naahnnkklliimmbbeegghhggjfjfcckbkbeebbhhggddbbhhcceebbeehhoo,60,ONLY_EDGE_INFORMATION_PROPOSED,3,T,0,T,0.07,10,1e-05,WithNoiseDistanceSpearman,0.999909,,0
weekend.bpmn,weekend.xes,aahhnnnkklliimmbbeegghhggjfjfcckbkbeebbhggddbbhhcceebbeehhoo,60,ONLY_EDGE_INFORMATION_PROPOSED,3,T,0,T,0.07,10,1e-05,Spearman,0.975382,,0
weekend.bpmn,weekend.xes,aahhnnnkklliimmbbeegghhggjfjfcckbkbeebbhggddbbhhcceebbeehhoo,60,ONLY_EDGE_INFORMATION_PROPOSED,3,T,0,T,0.07,10,1e-05,WithNoiseDistanceSpearman,0.991262,,0
weekend.bpmn,weekend.xes,aahhbkklliimmnbneegghhggjfjfcckbkbeebbhhggddbbhhcceebbeehhoo,60,ONLY_EDGE_INFORMATION_PROPOSED,4,T,0,T,0.07,10,1e-05,Spearman,0.956355,,0
weekend.bpmn,weekend.xes,aahhbkklliimmnbneegghhggjfjfcckbkbeebbhhggddbbhhcceebbeehhoo,60,ONLY_EDGE_INFORMATION_PROPOSED,4,T,0,T,0.07,10,1e-05,WithNoiseDistanceSpearman,0.970436,,0
weekend.bpmn,weekend.xes,alhnnkkhliimmbbeegghhggjfjfcckbknbeebbhhggddbbhhcceebbeehhoo,60,ONLY_EDGE_INFORMATION_PROPOSED,4,T,0,T,0.07,10,1e-05,Spearman,0.94907,,0
weekend.bpmn,weekend.xes,alhnnkkhliimmbbeegghhggjfjfcckbknbeebbhhggddbbhhcceebbeehhoo,60,ONLY_EDGE_INFORMATION_PROPOSED,4,T,0,T,0.07,10,1e-05,WithNoiseDistanceSpearman,0.998745,,0
weekend.bpmn,weekend.xes,aaeebbnnllkhkhccmmbbeebbkkcchheebbeeggkbbeekkbbkeehhcchhkkhhddhhcchhoo,70,ONLY_EDGE_INFORMATION_PROPOSED,0,T,0,T,0.07,10,1e-05,Spearman,0.957303,,0
weekend.bpmn,weekend.xes,aaebbnnllkhkhccmmbbeebbkkcchheebbeeggkbbeekkbbkeehhcchhkkhhddhhcchhoo,69,ONLY_EDGE_INFORMATION_PROPOSED,1,T,0,T,0.07,10,1e-05,Spearman,0.975592,,0
weekend.bpmn,weekend.xes,aaebbnnllkhkhccmmbbeebbkkcchheebbeeggkbbeekkbbkeehhcchhkkhhddhhcchhoo,69,ONLY_EDGE_INFORMATION_PROPOSED,1,T,0,T,0.07,10,1e-05,WithNoiseDistanceSpearman,0.989308,,0
weekend.bpmn,weekend.xes,aaeebbnnllkhkhccmmbbeebbkkcchhebbeeggkbbeekkbbkeehhcchhkkhhddhhcchhoo,69,ONLY_EDGE_INFORMATION_PROPOSED,1,T,0,T,0.07,10,1e-05,Spearman,0.957605,,0
weekend.bpmn,weekend.xes,aaeebbnnllkhkhccmmbbeebbkkcchhebbeeggkbbeekkbbkeehhcchhkkhhddhhcchhoo,69,ONLY_EDGE_INFORMATION_PROPOSED,1,T,0,T,0.07,10,1e-05,WithNoiseDistanceSpearman,0.999802,,0
weekend.bpmn,weekend.xes,aeebbnnllkhkccmmbbeebbkkcchheebbeeggkbbeekkbbkeehhcchhkkhhddhhcchhoo,68,ONLY_EDGE_INFORMATION_PROPOSED,2,T,0,T,0.07,10,1e-05,Spearman,0.959014,,0
weekend.bpmn,weekend.xes,aeebbnnllkhkccmmbbeebbkkcchheebbeeggkbbeekkbbkeehhcchhkkhhddhhcchhoo,68,ONLY_EDGE_INFORMATION_PROPOSED,2,T,0,T,0.07,10,1e-05,WithNoiseDistanceSpearman,0.998774,,0
weekend.bpmn,weekend.xes,aeebbnnllhkhccmmbbeebbkkcchheebbeeggkbbeekkbbkeehhcchhkkhhddhhcchhoo,68,ONLY_EDGE_INFORMATION_PROPOSED,2,T,0,T,0.07,10,1e-05,Spearman,0.960895,,0
weekend.bpmn,weekend.xes,aeebbnnllhkhccmmbbeebbkkcchheebbeeggkbbeekkbbkeehhcchhkkhhddhhcchhoo,68,ONLY_EDGE_INFORMATION_PROPOSED,2,T,0,T,0.07,10,1e-05,WithNoiseDistanceSpearman,0.999024,,0
weekend.bpmn,weekend.xes,aaebbnbnllkhkhccmmbbeebbkkcchheebbeeggkbbeekkbbkeehhcchhkkhhddhhcchhoo,70,ONLY_EDGE_INFORMATION_PROPOSED,3,T,0,T,0.07,10,1e-05,Spearman,0.975019,,0
weekend.bpmn,weekend.xes,aaebbnbnllkhkhccmmbbeebbkkcchheebbeeggkbbeekkbbkeehhcchhkkhhddhhcchhoo,70,ONLY_EDGE_INFORMATION_PROPOSED,3,T,0,T,0.07,10,1e-05,WithNoiseDistanceSpearman,0.989315,,0
weekend.bpmn,weekend.xes,aaeebbhnllknkhccmmbbeebbkkcchheebbeeggkbbeekkbbkeehhcchhkkhhddhhcchhoo,70,ONLY_EDGE_INFORMATION_PROPOSED,3,T,0,T,0.07,10,1e-05,Spearman,0.963291,,0
weekend.bpmn,weekend.xes,aaeebbhnllknkhccmmbbeebbkkcchheebbeeggkbbeekkbbkeehhcchhkkhhddhhcchhoo,70,ONLY_EDGE_INFORMATION_PROPOSED,3,T,0,T,0.07,10,1e-05,WithNoiseDistanceSpearman,0.996587,,0
weekend.bpmn,weekend.xes,baeebanjnllkhkhcmmbbeebbkkcchheebbeeggkbbeekkbbkeehhcchhkkhhddhhcchhoo,70,ONLY_EDGE_INFORMATION_PROPOSED,4,T,0,T,0.07,10,1e-05,Spearman,0.958288,,0
weekend.bpmn,weekend.xes,baeebanjnllkhkhcmmbbeebbkkcchheebbeeggkbbeekkbbkeehhcchhkkhhddhhcchhoo,70,ONLY_EDGE_INFORMATION_PROPOSED,4,T,0,T,0.07,10,1e-05,WithNoiseDistanceSpearman,0.999569,,0
weekend.bpmn,weekend.xes,aaeebbnnlnlkhkhccmmbneebbkkchheebbeeggkbbeekkbbkeehhcchhkkhhddhhcchhoo,70,ONLY_EDGE_INFORMATION_PROPOSED,4,T,0,T,0.07,10,1e-05,Spearman,0.957091,,0
weekend.bpmn,weekend.xes,aaeebbnnlnlkhkhccmmbneebbkkchheebbeeggkbbeekkbbkeehhcchhkkhhddhhcchhoo,70,ONLY_EDGE_INFORMATION_PROPOSED,4,T,0,T,0.07,10,1e-05,WithNoiseDistanceSpearman,0.999665,,0
weekend.bpmn,weekend.xes,aahhnnkkbbmmlliihhjjffkkbboo,28,ONLY_EDGE_INFORMATION_PREVIOUS,0,T,0,T,0.07,10,1e-05,Spearman,0.857829,,0
weekend.bpmn,weekend.xes,aahnnkkbbmmlliihhjjffkkbboo,27,ONLY_EDGE_INFORMATION_PREVIOUS,1,T,0,T,0.07,10,1e-05,Spearman,0.854446,,0
weekend.bpmn,weekend.xes,aahnnkkbbmmlliihhjjffkkbboo,27,ONLY_EDGE_INFORMATION_PREVIOUS,1,T,0,T,0.07,10,1e-05,WithNoiseDistanceSpearman,0.999611,,0
weekend.bpmn,weekend.xes,ahhnnkkbbmmlliihhjjffkkbboo,27,ONLY_EDGE_INFORMATION_PREVIOUS,1,T,0,T,0.07,10,1e-05,Spearman,0.857915,,0
weekend.bpmn,weekend.xes,ahhnnkkbbmmlliihhjjffkkbboo,27,ONLY_EDGE_INFORMATION_PREVIOUS,1,T,0,T,0.07,10,1e-05,WithNoiseDistanceSpearman,0.999893,,0
weekend.bpmn,weekend.xes,aahhnnkbbmmlliihhjjffkkboo,26,ONLY_EDGE_INFORMATION_PREVIOUS,2,T,0,T,0.07,10,1e-05,Spearman,0.837014,,0
weekend.bpmn,weekend.xes,aahhnnkbbmmlliihhjjffkkboo,26,ONLY_EDGE_INFORMATION_PREVIOUS,2,T,0,T,0.07,10,1e-05,WithNoiseDistanceSpearman,0.995404,,0
weekend.bpmn,weekend.xes,ahhnnkkbmmlliihhjjffkkbboo,26,ONLY_EDGE_INFORMATION_PREVIOUS,2,T,0,T,0.07,10,1e-05,Spearman,0.838013,,0
weekend.bpmn,weekend.xes,ahhnnkkbmmlliihhjjffkkbboo,26,ONLY_EDGE_INFORMATION_PREVIOUS,2,T,0,T,0.07,10,1e-05,WithNoiseDistanceSpearman,0.995685,,0
weekend.bpmn,weekend.xes,aahhnklkbbmmlliihhjjffkkbboo,28,ONLY_EDGE_INFORMATION_PREVIOUS,3,T,0,T,0.07,10,1e-05,Spearman,0.862774,,0
weekend.bpmn,weekend.xes,aahhnklkbbmmlliihhjjffkkbboo,28,ONLY_EDGE_INFORMATION_PREVIOUS,3,T,0,T,0.07,10,1e-05,WithNoiseDistanceSpearman,0.999078,,0
weekend.bpmn,weekend.xes,aahhnnkkbmmlliihhljjffkkbboo,28,ONLY_EDGE_INFORMATION_PREVIOUS,3,T,0,T,0.07,10,1e-05,Spearman,0.837749,,0
weekend.bpmn,weekend.xes,aahhnnkkbmmlliihhljjffkkbboo,28,ONLY_EDGE_INFORMATION_PREVIOUS,3,T,0,T,0.07,10,1e-05,WithNoiseDistanceSpearman,0.995159,,0
weekend.bpmn,weekend.xes,aahbhmnnkbbmmliihhjjffkkbboo,28,ONLY_EDGE_INFORMATION_PREVIOUS,4,T,0,T,0.07,10,1e-05,Spearman,0.916888,,0
weekend.bpmn,weekend.xes,aahbhmnnkbbmmliihhjjffkkbboo,28,ONLY_EDGE_INFORMATION_PREVIOUS,4,T,0,T,0.07,10,1e-05,WithNoiseDistanceSpearman,0.957964,,0
weekend.bpmn,weekend.xes,aihhnnkkbbmmllaihhjjffkkbboo,28,ONLY_EDGE_INFORMATION_PREVIOUS,4,T,0,T,0.07,10,1e-05,Spearman,0.830826,,0
weekend.bpmn,weekend.xes,aihhnnkkbbmmllaihhjjffkkbboo,28,ONLY_EDGE_INFORMATION_PREVIOUS,4,T,0,T,0.07,10,1e-05,WithNoiseDistanceSpearman,0.995476,,0
weekend.bpmn,weekend.xes,aannkbkbmmllihihbbhhbbgghhkhkhoo,32,ONLY_EDGE_INFORMATION_PREVIOUS,0,T,0,T,0.07,10,1e-05,Spearman,0.921633,,0
weekend.bpmn,weekend.xes,aannkbkbmmllihihbbhbbgghhkhkhoo,31,ONLY_EDGE_INFORMATION_PREVIOUS,1,T,0,T,0.07,10,1e-05,Spearman,0.922366,,0
weekend.bpmn,weekend.xes,aannkbkbmmllihihbbhbbgghhkhkhoo,31,ONLY_EDGE_INFORMATION_PREVIOUS,1,T,0,T,0.07,10,1e-05,WithNoiseDistanceSpearman,0.998708,,0
weekend.bpmn,weekend.xes,annkbkbmmllihihbbhhbbgghhkhkhoo,31,ONLY_EDGE_INFORMATION_PREVIOUS,1,T,0,T,0.07,10,1e-05,Spearman,0.921325,,0
weekend.bpmn,weekend.xes,annkbkbmmllihihbbhhbbgghhkhkhoo,31,ONLY_EDGE_INFORMATION_PREVIOUS,1,T,0,T,0.07,10,1e-05,WithNoiseDistanceSpearman,0.999987,,0
weekend.bpmn,weekend.xes,aankbkbmllihihbbhhbbgghhkhkhoo,30,ONLY_EDGE_INFORMATION_PREVIOUS,2,T,0,T,0.07,10,1e-05,Spearman,0.921551,,0
weekend.bpmn,weekend.xes,aankbkbmllihihbbhhbbgghhkhkhoo,30,ONLY_EDGE_INFORMATION_PREVIOUS,2,T,0,T,0.07,10,1e-05,WithNoiseDistanceSpearman,0.999633,,0
weekend.bpmn,weekend.xes,aannkbkbmmllhihbbhhbbgghhkhkho,30,ONLY_EDGE_INFORMATION_PREVIOUS,2,T,0,T,0.07,10,1e-05,Spearman,0.931922,,0
weekend.bpmn,weekend.xes,aannkbkbmmllhihbbhhbbgghhkhkho,30,ONLY_EDGE_INFORMATION_PREVIOUS,2,T,0,T,0.07,10,1e-05,WithNoiseDistanceSpearman,0.997616,,0
weekend.bpmn,weekend.xes,laankbkbmmllihihbbhhbbgghhkhkhoo,32,ONLY_EDGE_INFORMATION_PREVIOUS,3,T,0,T,0.07,10,1e-05,Spearman,0.926235,,0
weekend.bpmn,weekend.xes,laankbkbmmllihihbbhhbbgghhkhkhoo,32,ONLY_EDGE_INFORMATION_PREVIOUS,3,T,0,T,0.07,10,1e-05,WithNoiseDistanceSpearman,0.999493,,0
weekend.bpmn,weekend.xes,aannkbkmmllihihbbhhbbgghhkhkhmoo,32,ONLY_EDGE_INFORMATION_PREVIOUS,3,T,0,T,0.07,10,1e-05,Spearman,0.920678,,0
weekend.bpmn,weekend.xes,aannkbkmmllihihbbhhbbgghhkhkhmoo,32,ONLY_EDGE_INFORMATION_PREVIOUS,3,T,0,T,0.07,10,1e-05,WithNoiseDistanceSpearman,0.989191,,0
weekend.bpmn,weekend.xes,aannbbkmmllihihbbhahbbgghhkhkhoo,32,ONLY_EDGE_INFORMATION_PREVIOUS,4,T,0,T,0.07,10,1e-05,Spearman,0.946354,,0
weekend.bpmn,weekend.xes,aannbbkmmllihihbbhahbbgghhkhkhoo,32,ONLY_EDGE_INFORMATION_PREVIOUS,4,T,0,T,0.07,10,1e-05,WithNoiseDistanceSpearman,0.993489,,0
weekend.bpmn,weekend.xes,aannkbkbmmllhihhbhblbbgghhkhkhoo,32,ONLY_EDGE_INFORMATION_PREVIOUS,4,T,0,T,0.07,10,1e-05,Spearman,0.920654,,0
weekend.bpmn,weekend.xes,aannkbkbmmllhihhbhblbbgghhkhkhoo,32,ONLY_EDGE_INFORMATION_PREVIOUS,4,T,0,T,0.07,10,1e-05,WithNoiseDistanceSpearman,0.996755,,0
weekend.bpmn,weekend.xes,aabbhhnnkkbbmmlliihhbbgghhbbggoo,32,ONLY_EDGE_INFORMATION_PREVIOUS,0,T,0,T,0.07,10,1e-05,Spearman,0.990843,,0
weekend.bpmn,weekend.xes,aabbhhnnkkbbmmliihhbbgghhbbggoo,31,ONLY_EDGE_INFORMATION_PREVIOUS,1,T,0,T,0.07,10,1e-05,Spearman,0.990951,,0
weekend.bpmn,weekend.xes,aabbhhnnkkbbmmliihhbbgghhbbggoo,31,ONLY_EDGE_INFORMATION_PREVIOUS,1,T,0,T,0.07,10,1e-05,WithNoiseDistanceSpearman,0.999963,,0
weekend.bpmn,weekend.xes,aabbhhnnkkbbmmllihhbbgghhbbggoo,31,ONLY_EDGE_INFORMATION_PREVIOUS,1,T,0,T,0.07,10,1e-05,Spearman,0.991001,,0
weekend.bpmn,weekend.xes,aabbhhnnkkbbmmllihhbbgghhbbggoo,31,ONLY_EDGE_INFORMATION_PREVIOUS,1,T,0,T,0.07,10,1e-05,WithNoiseDistanceSpearman,0.999918,,0
weekend.bpmn,weekend.xes,aabhhnnkkbbmmlliihbbgghhbbggoo,30,ONLY_EDGE_INFORMATION_PREVIOUS,2,T,0,T,0.07,10,1e-05,Spearman,0.991571,,0
weekend.bpmn,weekend.xes,aabhhnnkkbbmmlliihbbgghhbbggoo,30,ONLY_EDGE_INFORMATION_PREVIOUS,2,T,0,T,0.07,10,1e-05,WithNoiseDistanceSpearman,0.999507,,0
weekend.bpmn,weekend.xes,aabbhhnnkkbmmlliihbbgghhbbggoo,30,ONLY_EDGE_INFORMATION_PREVIOUS,2,T,0,T,0.07,10,1e-05,Spearman,0.991061,,0
weekend.bpmn,weekend.xes,aabbhhnnkkbmmlliihbbgghhbbggoo,30,ONLY_EDGE_INFORMATION_PREVIOUS,2,T,0,T,0.07,10,1e-05,WithNoiseDistanceSpearman,0.999733,,0
weekend.bpmn,weekend.xes,aabbhnnnkkbbmmlliihhbbgghhbbggoo,32,ONLY_EDGE_INFORMATION_PREVIOUS,3,T,0,T,0.07,10,1e-05,Spearman,0.991035,,0
weekend.bpmn,weekend.xes,aabbhnnnkkbbmmlliihhbbgghhbbggoo,32,ONLY_EDGE_INFORMATION_PREVIOUS,3,T,0,T,0.07,10,1e-05,WithNoiseDistanceSpearman,0.999814,,0
weekend.bpmn,weekend.xes,habbhannkkbbmmlliihhbbgghhbbggoo,32,ONLY_EDGE_INFORMATION_PREVIOUS,3,T,0,T,0.07,10,1e-05,Spearman,0.991009,,0
weekend.bpmn,weekend.xes,habbhannkkbbmmlliihhbbgghhbbggoo,32,ONLY_EDGE_INFORMATION_PREVIOUS,3,T,0,T,0.07,10,1e-05,WithNoiseDistanceSpearman,0.999417,,0
weekend.bpmn,weekend.xes,nabbhhankkbbmmlliihhbbgghhbbggoo,32,ONLY_EDGE_INFORMATION_PREVIOUS,4,T,0,T,0.07,10,1e-05,Spearman,0.990848,,0
weekend.bpmn,weekend.xes,nabbhhankkbbmmlliihhbbgghhbbggoo,32,ONLY_EDGE_INFORMATION_PREVIOUS,4,T,0,T,0.07,10,1e-05,WithNoiseDistanceSpearman,0.99979,,0
weekend.bpmn,weekend.xes,aabbhhnnakkbbmmliihhbbgghhbbggoo,32,ONLY_EDGE_INFORMATION_PREVIOUS,4,T,0,T,0.07,10,1e-05,Spearman,0.931516,,0
weekend.bpmn,weekend.xes,aabbhhnnakkbbmmliihhbbgghhbbggoo,32,ONLY_EDGE_INFORMATION_PREVIOUS,4,T,0,T,0.07,10,1e-05,WithNoiseDistanceSpearman,0.953582,,0
weekend.bpmn,weekend.xes,aannkbkbeekbkbkklliihhggkkhhjjffccggkkhhddhhoo,46,ONLY_EDGE_INFORMATION_PREVIOUS,0,T,0,T,0.07,10,1e-05,Spearman,0.810611,,0
weekend.bpmn,weekend.xes,annkbkbeekbkbkklliihhggkkhhjjffccggkkhhddhhoo,45,ONLY_EDGE_INFORMATION_PREVIOUS,1,T,0,T,0.07,10,1e-05,Spearman,0.810611,,0
weekend.bpmn,weekend.xes,annkbkbeekbkbkklliihhggkkhhjjffccggkkhhddhhoo,45,ONLY_EDGE_INFORMATION_PREVIOUS,1,T,0,T,0.07,10,1e-05,WithNoiseDistanceSpearman,1,,0
weekend.bpmn,weekend.xes,aankbkbeekbkbkklliihhggkkhhjjffccggkkhhddhhoo,45,ONLY_EDGE_INFORMATION_PREVIOUS,1,T,0,T,0.07,10,1e-05,Spearman,0.854546,,0
weekend.bpmn,weekend.xes,aankbkbeekbkbkklliihhggkkhhjjffccggkkhhddhhoo,45,ONLY_EDGE_INFORMATION_PREVIOUS,1,T,0,T,0.07,10,1e-05,WithNoiseDistanceSpearman,0.988586,,0
weekend.bpmn,weekend.xes,aannkbkbekbkbkkllihhggkkhhjjffccggkkhhddhhoo,44,ONLY_EDGE_INFORMATION_PREVIOUS,2,T,0,T,0.07,10,1e-05,Spearman,0.811121,,0
weekend.bpmn,weekend.xes,aannkbkbekbkbkkllihhggkkhhjjffccggkkhhddhhoo,44,ONLY_EDGE_INFORMATION_PREVIOUS,2,T,0,T,0.07,10,1e-05,WithNoiseDistanceSpearman,0.999459,,0
weekend.bpmn,weekend.xes,aankbkbeekbkkklliihhggkkhhjjffccggkkhhddhhoo,44,ONLY_EDGE_INFORMATION_PREVIOUS,2,T,0,T,0.07,10,1e-05,Spearman,0.853102,,0
weekend.bpmn,weekend.xes,aankbkbeekbkkklliihhggkkhhjjffccggkkhhddhhoo,44,ONLY_EDGE_INFORMATION_PREVIOUS,2,T,0,T,0.07,10,1e-05,WithNoiseDistanceSpearman,0.988653,,0
weekend.bpmn,weekend.xes,aannkbkbmekbkbkklliihhggkkhhjjffccggkkhhddhhoo,46,ONLY_EDGE_INFORMATION_PREVIOUS,3,T,0,T,0.07,10,1e-05,Spearman,0.809751,,0
weekend.bpmn,weekend.xes,aannkbkbmekbkbkklliihhggkkhhjjffccggkkhhddhhoo,46,ONLY_EDGE_INFORMATION_PREVIOUS,3,T,0,T,0.07,10,1e-05,WithNoiseDistanceSpearman,0.989317,,0
weekend.bpmn,weekend.xes,anannkbkbekbkbkklliihhggkkhhjjffccggkkhhddhhoo,46,ONLY_EDGE_INFORMATION_PREVIOUS,3,T,0,T,0.07,10,1e-05,Spearman,0.810452,,0
weekend.bpmn,weekend.xes,anannkbkbekbkbkklliihhggkkhhjjffccggkkhhddhhoo,46,ONLY_EDGE_INFORMATION_PREVIOUS,3,T,0,T,0.07,10,1e-05,WithNoiseDistanceSpearman,0.999733,,0
weekend.bpmn,weekend.xes,aciankbkbeebkbkklliihhggkkhhjjffccggkkhhddhhoo,46,ONLY_EDGE_INFORMATION_PREVIOUS,4,T,0,T,0.07,10,1e-05,Spearman,0.900937,,0
weekend.bpmn,weekend.xes,aciankbkbeebkbkklliihhggkkhhjjffccggkkhhddhhoo,46,ONLY_EDGE_INFORMATION_PREVIOUS,4,T,0,T,0.07,10,1e-05,WithNoiseDistanceSpearman,0.958376,,0
weekend.bpmn,weekend.xes,aankbkbemkbkbkkllciihhggkkhhjjffccggkkhhddhhoo,46,ONLY_EDGE_INFORMATION_PREVIOUS,4,T,0,T,0.07,10,1e-05,Spearman,0.873803,,0
weekend.bpmn,weekend.xes,aankbkbemkbkbkkllciihhggkkhhjjffccggkkhhddhhoo,46,ONLY_EDGE_INFORMATION_PREVIOUS,4,T,0,T,0.07,10,1e-05,WithNoiseDistanceSpearman,0.97448,,0
weekend.bpmn,weekend.xes,aannkkbbmmlliihhkkgghhcchhbbhhkbbkcchhkbbkhhoo,46,ONLY_EDGE_INFORMATION_PREVIOUS,0,T,0,T,0.07,10,1e-05,Spearman,0.837528,,0
weekend.bpmn,weekend.xes,aannkkbbmlliihhkkgghhcchhbbhhkbbkcchhkbbkhhoo,45,ONLY_EDGE_INFORMATION_PREVIOUS,1,T,0,T,0.07,10,1e-05,Spearman,0.837288,,0
weekend.bpmn,weekend.xes,aannkkbbmlliihhkkgghhcchhbbhhkbbkcchhkbbkhhoo,45,ONLY_EDGE_INFORMATION_PREVIOUS,1,T,0,T,0.07,10,1e-05,WithNoiseDistanceSpearman,0.999847,,0
weekend.bpmn,weekend.xes,aannkkbbmmlliihkkgghhcchhbbhhkbbkcchhkbbkhhoo,45,ONLY_EDGE_INFORMATION_PREVIOUS,1,T,0,T,0.07,10,1e-05,Spearman,0.838125,,0
weekend.bpmn,weekend.xes,aannkkbbmmlliihkkgghhcchhbbhhkbbkcchhkbbkhhoo,45,ONLY_EDGE_INFORMATION_PREVIOUS,1,T,0,T,0.07,10,1e-05,WithNoiseDistanceSpearman,0.999927,,0
weekend.bpmn,weekend.xes,aannkbbmmllihhkkgghhcchhbbhhkbbkcchhkbbkhhoo,44,ONLY_EDGE_INFORMATION_PREVIOUS,2,T,0,T,0.07,10,1e-05,Spearman,0.846156,,0
weekend.bpmn,weekend.xes,aannkbbmmllihhkkgghhcchhbbhhkbbkcchhkbbkhhoo,44,ONLY_EDGE_INFORMATION_PREVIOUS,2,T,0,T,0.07,10,1e-05,WithNoiseDistanceSpearman,0.998913,,0
weekend.bpmn,weekend.xes,aannkkbbmlliihhkkgghhcchhbbhhbbkcchhkbbkhhoo,44,ONLY_EDGE_INFORMATION_PREVIOUS,2,T,0,T,0.07,10,1e-05,Spearman,0.838016,,0
weekend.bpmn,weekend.xes,aannkkbbmlliihhkkgghhcchhbbhhbbkcchhkbbkhhoo,44,ONLY_EDGE_INFORMATION_PREVIOUS,2,T,0,T,0.07,10,1e-05,WithNoiseDistanceSpearman,0.999876,,0
weekend.bpmn,weekend.xes,aanndkkbbmmlliihhkkgghhcchhbbhhkbkcchhkbbkhhoo,46,ONLY_EDGE_INFORMATION_PREVIOUS,3,T,0,T,0.07,10,1e-05,Spearman,0.835673,,0
weekend.bpmn,weekend.xes,aanndkkbbmmlliihhkkgghhcchhbbhhkbkcchhkbbkhhoo,46,ONLY_EDGE_INFORMATION_PREVIOUS,3,T,0,T,0.07,10,1e-05,WithNoiseDistanceSpearman,0.997462,,0
weekend.bpmn,weekend.xes,aannkibbmmlliihhkkgghhcchhbbhhkbbkcchhkbbkhhoo,46,ONLY_EDGE_INFORMATION_PREVIOUS,3,T,0,T,0.07,10,1e-05,Spearman,0.836524,,0
weekend.bpmn,weekend.xes,aannkibbmmlliihhkkgghhcchhbbhhkbbkcchhkbbkhhoo,46,ONLY_EDGE_INFORMATION_PREVIOUS,3,T,0,T,0.07,10,1e-05,WithNoiseDistanceSpearman,0.99942,,0
weekend.bpmn,weekend.xes,aannakkbmmlliihhkkgghhcchhbbhhkbbkcchhkbbkhhoo,46,ONLY_EDGE_INFORMATION_PREVIOUS,4,T,0,T,0.07,10,1e-05,Spearman,0.881227,,0
weekend.bpmn,weekend.xes,aannakkbmmlliihhkkgghhcchhbbhhkbbkcchhkbbkhhoo,46,ONLY_EDGE_INFORMATION_PREVIOUS,4,T,0,T,0.07,10,1e-05,WithNoiseDistanceSpearman,0.982192,,0
weekend.bpmn,weekend.xes,aalnkkdbbmlniihhkkgghhcchhbbhhkbbkcchhkbbkhhoo,46,ONLY_EDGE_INFORMATION_PREVIOUS,4,T,0,T,0.07,10,1e-05,Spearman,0.838524,,0
weekend.bpmn,weekend.xes,aalnkkdbbmlniihhkkgghhcchhbbhhkbbkcchhkbbkhhoo,46,ONLY_EDGE_INFORMATION_PREVIOUS,4,T,0,T,0.07,10,1e-05,WithNoiseDistanceSpearman,0.998882,,0
weekend.bpmn,weekend.xes,aabbeekknnkknnkklilikkbbeebbeeccggjjffcchhkkhheebbeehhoo,56,ONLY_EDGE_INFORMATION_PREVIOUS,0,T,0,T,0.07,10,1e-05,Spearman,0.976876,,0
weekend.bpmn,weekend.xes,aabbeekknnkknnkklilikkbbeebbeeccggjjffcchhkkhhebbeehhoo,55,ONLY_EDGE_INFORMATION_PREVIOUS,1,T,0,T,0.07,10,1e-05,Spearman,0.97831,,0
weekend.bpmn,weekend.xes,aabbeekknnkknnkklilikkbbeebbeeccggjjffcchhkkhhebbeehhoo,55,ONLY_EDGE_INFORMATION_PREVIOUS,1,T,0,T,0.07,10,1e-05,WithNoiseDistanceSpearman,0.999354,,0
weekend.bpmn,weekend.xes,aabbeeknnkknnkklilikkbbeebbeeccggjjffcchhkkhheebbeehhoo,55,ONLY_EDGE_INFORMATION_PREVIOUS,1,T,0,T,0.07,10,1e-05,Spearman,0.976758,,0
weekend.bpmn,weekend.xes,aabbeeknnkknnkklilikkbbeebbeeccggjjffcchhkkhheebbeehhoo,55,ONLY_EDGE_INFORMATION_PREVIOUS,1,T,0,T,0.07,10,1e-05,WithNoiseDistanceSpearman,0.999765,,0
weekend.bpmn,weekend.xes,aabbeekknnkknkklilikbbeebbeeccggjjffcchhkkhheebbeehhoo,54,ONLY_EDGE_INFORMATION_PREVIOUS,2,T,0,T,0.07,10,1e-05,Spearman,0.976863,,0
weekend.bpmn,weekend.xes,aabbeekknnkknkklilikbbeebbeeccggjjffcchhkkhheebbeehhoo,54,ONLY_EDGE_INFORMATION_PREVIOUS,2,T,0,T,0.07,10,1e-05,WithNoiseDistanceSpearman,0.999816,,0
weekend.bpmn,weekend.xes,abeekknnkknnkklilikkbbeebbeeccggjjffcchhkkhheebbeehhoo,54,ONLY_EDGE_INFORMATION_PREVIOUS,2,T,0,T,0.07,10,1e-05,Spearman,0.974247,,0
weekend.bpmn,weekend.xes,abeekknnkknnkklilikkbbeebbeeccggjjffcchhkkhheebbeehhoo,54,ONLY_EDGE_INFORMATION_PREVIOUS,2,T,0,T,0.07,10,1e-05,WithNoiseDistanceSpearman,0.999412,,0
weekend.bpmn,weekend.xes,abbeekkhnnkknnkklilikkbbeebbeeccggjjffcchhkkhheebbeehhoo,56,ONLY_EDGE_INFORMATION_PREVIOUS,3,T,0,T,0.07,10,1e-05,Spearman,0.972309,,0
weekend.bpmn,weekend.xes,abbeekkhnnkknnkklilikkbbeebbeeccggjjffcchhkkhheebbeehhoo,56,ONLY_EDGE_INFORMATION_PREVIOUS,3,T,0,T,0.07,10,1e-05,WithNoiseDistanceSpearman,0.999082,,0
weekend.bpmn,weekend.xes,aabbeeknnakknnkklilikkbbeebbeeccggjjffcchhkkhheebbeehhoo,56,ONLY_EDGE_INFORMATION_PREVIOUS,3,T,0,T,0.07,10,1e-05,Spearman,0.979815,,0
weekend.bpmn,weekend.xes,aabbeeknnakknnkklilikkbbeebbeeccggjjffcchhkkhheebbeehhoo,56,ONLY_EDGE_INFORMATION_PREVIOUS,3,T,0,T,0.07,10,1e-05,WithNoiseDistanceSpearman,0.997682,,0
weekend.bpmn,weekend.xes,aadbeekknnkknnkklilikkbbeebbeeccggjjffcchhkkhheebbeehhoo,56,ONLY_EDGE_INFORMATION_PREVIOUS,4,T,0,T,0.07,10,1e-05,Spearman,0.944732,,0
weekend.bpmn,weekend.xes,aadbeekknnkknnkklilikkbbeebbeeccggjjffcchhkkhheebbeehhoo,56,ONLY_EDGE_INFORMATION_PREVIOUS,4,T,0,T,0.07,10,1e-05,WithNoiseDistanceSpearman,0.985244,,0
weekend.bpmn,weekend.xes,aabeekknnkknnkklilikkbbeebbeeccgghjjffcchhkkhheebbeehhoo,56,ONLY_EDGE_INFORMATION_PREVIOUS,4,T,0,T,0.07,10,1e-05,Spearman,0.975929,,0
weekend.bpmn,weekend.xes,aabeekknnkknnkklilikkbbeebbeeccgghjjffcchhkkhheebbeehhoo,56,ONLY_EDGE_INFORMATION_PREVIOUS,4,T,0,T,0.07,10,1e-05,WithNoiseDistanceSpearman,0.999234,,0
weekend.bpmn,weekend.xes,aaeebbeekkbbeennkklliibbmmbbeebbeeccggkkjjffcckkhhbbeeggoo,58,ONLY_EDGE_INFORMATION_PREVIOUS,0,T,0,T,0.07,10,1e-05,Spearman,0.855229,,0
weekend.bpmn,weekend.xes,aaeebbeekbbeennkklliibbmmbbeebbeeccggkkjjffcckkhhbbeeggoo,57,ONLY_EDGE_INFORMATION_PREVIOUS,1,T,0,T,0.07,10,1e-05,Spearman,0.855831,,0
weekend.bpmn,weekend.xes,aaeebbeekbbeennkklliibbmmbbeebbeeccggkkjjffcckkhhbbeeggoo,57,ONLY_EDGE_INFORMATION_PREVIOUS,1,T,0,T,0.07,10,1e-05,WithNoiseDistanceSpearman,0.999846,,0
weekend.bpmn,weekend.xes,aaeebbeekkbbeennkkllibbmmbbeebbeeccggkkjjffcckkhhbbeeggoo,57,ONLY_EDGE_INFORMATION_PREVIOUS,1,T,0,T,0.07,10,1e-05,Spearman,0.85677,,0
weekend.bpmn,weekend.xes,aaeebbeekkbbeennkkllibbmmbbeebbeeccggkkjjffcckkhhbbeeggoo,57,ONLY_EDGE_INFORMATION_PREVIOUS,1,T,0,T,0.07,10,1e-05,WithNoiseDistanceSpearman,0.99969,,0
weekend.bpmn,weekend.xes,aeebbeekkbbennkklliibbmmbbeebbeeccggkkjjffcckkhhbbeeggoo,56,ONLY_EDGE_INFORMATION_PREVIOUS,2,T,0,T,0.07,10,1e-05,Spearman,0.854692,,0
weekend.bpmn,weekend.xes,aeebbeekkbbennkklliibbmmbbeebbeeccggkkjjffcckkhhbbeeggoo,56,ONLY_EDGE_INFORMATION_PREVIOUS,2,T,0,T,0.07,10,1e-05,WithNoiseDistanceSpearman,0.999898,,0
weekend.bpmn,weekend.xes,aaeebbeekkbbeennkklliibmmbbeebbeeccggkkjjffcckkhhbeeggoo,56,ONLY_EDGE_INFORMATION_PREVIOUS,2,T,0,T,0.07,10,1e-05,Spearman,0.856528,,0
weekend.bpmn,weekend.xes,aaeebbeekkbbeennkklliibmmbbeebbeeccggkkjjffcckkhhbeeggoo,56,ONLY_EDGE_INFORMATION_PREVIOUS,2,T,0,T,0.07,10,1e-05,WithNoiseDistanceSpearman,0.99991,,0
weekend.bpmn,weekend.xes,baaeebbekkbbeennkklliibbmmbbeebbeeccggkkjjffcckkhhbbeeggoo,58,ONLY_EDGE_INFORMATION_PREVIOUS,3,T,0,T,0.07,10,1e-05,Spearman,0.853278,,0
weekend.bpmn,weekend.xes,baaeebbekkbbeennkklliibbmmbbeebbeeccggkkjjffcckkhhbbeeggoo,58,ONLY_EDGE_INFORMATION_PREVIOUS,3,T,0,T,0.07,10,1e-05,WithNoiseDistanceSpearman,0.999842,,0
weekend.bpmn,weekend.xes,eaaebbeekkbbeennkklliibbmmbbeebbeeccggkkjjffcckkhhbbeeggoo,58,ONLY_EDGE_INFORMATION_PREVIOUS,3,T,0,T,0.07,10,1e-05,Spearman,0.907309,,0
weekend.bpmn,weekend.xes,eaaebbeekkbbeennkklliibbmmbbeebbeeccggkkjjffcckkhhbbeeggoo,58,ONLY_EDGE_INFORMATION_PREVIOUS,3,T,0,T,0.07,10,1e-05,WithNoiseDistanceSpearman,0.985994,,0
weekend.bpmn,weekend.xes,akeebeekabbeennkkllihibbmmbbeebbeeccggkkjjffcckkhhbbeeggoo,58,ONLY_EDGE_INFORMATION_PREVIOUS,4,T,0,T,0.07,10,1e-05,Spearman,0.966517,,0
weekend.bpmn,weekend.xes,akeebeekabbeennkkllihibbmmbbeebbeeccggkkjjffcckkhhbbeeggoo,58,ONLY_EDGE_INFORMATION_PREVIOUS,4,T,0,T,0.07,10,1e-05,WithNoiseDistanceSpearman,0.931449,,0
weekend.bpmn,weekend.xes,aeebbekkbbdeennkklbliibbmmbbeebbeeccggkkjjffcckkhhbbeeggoo,58,ONLY_EDGE_INFORMATION_PREVIOUS,4,T,0,T,0.07,10,1e-05,Spearman,0.854727,,0
weekend.bpmn,weekend.xes,aeebbekkbbdeennkklbliibbmmbbeebbeeccggkkjjffcckkhhbbeeggoo,58,ONLY_EDGE_INFORMATION_PREVIOUS,4,T,0,T,0.07,10,1e-05,WithNoiseDistanceSpearman,0.999554,,0
weekend.bpmn,weekend.xes,aabbkbkbnnkklliimmbbeebbeeggbbeehhggkbbkkkhhcckkbbeebbeeggoo,60,ONLY_EDGE_INFORMATION_PREVIOUS,0,T,0,T,0.07,10,1e-05,Spearman,0.953755,,0
weekend.bpmn,weekend.xes,aabbkbkbnnkklliimmbbebbeeggbbeehhggkbbkkkhhcckkbbeebbeeggoo,59,ONLY_EDGE_INFORMATION_PREVIOUS,1,T,0,T,0.07,10,1e-05,Spearman,0.955976,,0
weekend.bpmn,weekend.xes,aabbkbkbnnkklliimmbbebbeeggbbeehhggkbbkkkhhcckkbbeebbeeggoo,59,ONLY_EDGE_INFORMATION_PREVIOUS,1,T,0,T,0.07,10,1e-05,WithNoiseDistanceSpearman,0.999633,,0
weekend.bpmn,weekend.xes,aabbkbkbnnkklliimmbbeebbeeggbbeehhggbbkkkhhcckkbbeebbeeggoo,59,ONLY_EDGE_INFORMATION_PREVIOUS,1,T,0,T,0.07,10,1e-05,Spearman,0.954179,,0
weekend.bpmn,weekend.xes,aabbkbkbnnkklliimmbbeebbeeggbbeehhggbbkkkhhcckkbbeebbeeggoo,59,ONLY_EDGE_INFORMATION_PREVIOUS,1,T,0,T,0.07,10,1e-05,WithNoiseDistanceSpearman,0.999913,,0
weekend.bpmn,weekend.xes,aabbkbkbnnkklliimbbebbeeggbbeehhggkbbkkkhhcckkbbeebbeeggoo,58,ONLY_EDGE_INFORMATION_PREVIOUS,2,T,0,T,0.07,10,1e-05,Spearman,0.954658,,0
weekend.bpmn,weekend.xes,aabbkbkbnnkklliimbbebbeeggbbeehhggkbbkkkhhcckkbbeebbeeggoo,58,ONLY_EDGE_INFORMATION_PREVIOUS,2,T,0,T,0.07,10,1e-05,WithNoiseDistanceSpearman,0.999705,,0
weekend.bpmn,weekend.xes,aabbkbkbnnkklliimbbebbeeggbbeehhggkbbkkkhhcckkbbeebbeeggoo,58,ONLY_EDGE_INFORMATION_PREVIOUS,2,T,0,T,0.07,10,1e-05,Spearman,0.954658,,0
weekend.bpmn,weekend.xes,aabbkbkbnnkklliimbbebbeeggbbeehhggkbbkkkhhcckkbbeebbeeggoo,58,ONLY_EDGE_INFORMATION_PREVIOUS,2,T,0,T,0.07,10,1e-05,WithNoiseDistanceSpearman,0.999705,,0
weekend.bpmn,weekend.xes,aabbkbbnnkklliimmbbeebbeeggbbeehhggkbnbkkkhhcckkbbeebbeeggoo,60,ONLY_EDGE_INFORMATION_PREVIOUS,3,T,0,T,0.07,10,1e-05,Spearman,0.955558,,0
weekend.bpmn,weekend.xes,aabbkbbnnkklliimmbbeebbeeggbbeehhggkbnbkkkhhcckkbbeebbeeggoo,60,ONLY_EDGE_INFORMATION_PREVIOUS,3,T,0,T,0.07,10,1e-05,WithNoiseDistanceSpearman,0.999596,,0
weekend.bpmn,weekend.xes,abbkbkbnnkklliimmbbheebbeeggbbeehhggkbbkkkhhcckkbbeebbeeggoo,60,ONLY_EDGE_INFORMATION_PREVIOUS,3,T,0,T,0.07,10,1e-05,Spearman,0.966776,,0
weekend.bpmn,weekend.xes,abbkbkbnnkklliimmbbheebbeeggbbeehhggkbbkkkhhcckkbbeebbeeggoo,60,ONLY_EDGE_INFORMATION_PREVIOUS,3,T,0,T,0.07,10,1e-05,WithNoiseDistanceSpearman,0.995001,,0
weekend.bpmn,weekend.xes,aabkbbnnnnkklliimmbbeebbeeggbbeehhggkbbkkkhhcckkbbeebbeeggoo,60,ONLY_EDGE_INFORMATION_PREVIOUS,4,T,0,T,0.07,10,1e-05,Spearman,0.953755,,0
weekend.bpmn,weekend.xes,aabkbbnnnnkklliimmbbeebbeeggbbeehhggkbbkkkhhcckkbbeebbeeggoo,60,ONLY_EDGE_INFORMATION_PREVIOUS,4,T,0,T,0.07,10,1e-05,WithNoiseDistanceSpearman,0.999703,,0
weekend.bpmn,weekend.xes,akbbnbkbnnkklliimmbbeebbeeggbbeehhggkbbkkkhhcckkbbeebbeeggoo,60,ONLY_EDGE_INFORMATION_PREVIOUS,4,T,0,T,0.07,10,1e-05,Spearman,0.836936,,0
weekend.bpmn,weekend.xes,akbbnbkbnnkklliimmbbeebbeeggbbeehhggkbbkkkhhcckkbbeebbeeggoo,60,ONLY_EDGE_INFORMATION_PREVIOUS,4,T,0,T,0.07,10,1e-05,WithNoiseDistanceSpearman,0.942741,,0
weekend.bpmn,weekend.xes,aahhnnkklliimmbbeegghhggjfjfcckbkbeebbhhggddbbhhcceebbeehhoo,60,ONLY_EDGE_INFORMATION_PREVIOUS,0,T,0,T,0.07,10,1e-05,Spearman,0.912976,,0
weekend.bpmn,weekend.xes,aahnnkklliimmbbeegghhggjfjfcckbkbeebbhhggddbbhhcceebbeehhoo,59,ONLY_EDGE_INFORMATION_PREVIOUS,1,T,0,T,0.07,10,1e-05,Spearman,0.913799,,0
weekend.bpmn,weekend.xes,aahnnkklliimmbbeegghhggjfjfcckbkbeebbhhggddbbhhcceebbeehhoo,59,ONLY_EDGE_INFORMATION_PREVIOUS,1,T,0,T,0.07,10,1e-05,WithNoiseDistanceSpearman,0.999896,,0
weekend.bpmn,weekend.xes,aahhnkklliimmbbeegghhggjfjfcckbkbeebbhhggddbbhhcceebbeehhoo,59,ONLY_EDGE_INFORMATION_PREVIOUS,1,T,0,T,0.07,10,1e-05,Spearman,0.91455,,0
weekend.bpmn,weekend.xes,aahhnkklliimmbbeegghhggjfjfcckbkbeebbhhggddbbhhcceebbeehhoo,59,ONLY_EDGE_INFORMATION_PREVIOUS,1,T,0,T,0.07,10,1e-05,WithNoiseDistanceSpearman,0.999859,,0
weekend.bpmn,weekend.xes,aahhnkklliimmbbeegghhggjfjfcckbkbeebbhhggddbbhhccebbeehhoo,58,ONLY_EDGE_INFORMATION_PREVIOUS,2,T,0,T,0.07,10,1e-05,Spearman,0.913391,,0
weekend.bpmn,weekend.xes,aahhnkklliimmbbeegghhggjfjfcckbkbeebbhhggddbbhhccebbeehhoo,58,ONLY_EDGE_INFORMATION_PREVIOUS,2,T,0,T,0.07,10,1e-05,WithNoiseDistanceSpearman,0.999319,,0
weekend.bpmn,weekend.xes,aahhnkkliimmbbeegghhggjfjfcckbkbeebbhhggddbbhhcceebbeehhoo,58,ONLY_EDGE_INFORMATION_PREVIOUS,2,T,0,T,0.07,10,1e-05,Spearman,0.912294,,0
weekend.bpmn,weekend.xes,aahhnkkliimmbbeegghhggjfjfcckbkbeebbhhggddbbhhcceebbeehhoo,58,ONLY_EDGE_INFORMATION_PREVIOUS,2,T,0,T,0.07,10,1e-05,WithNoiseDistanceSpearman,0.999858,,0
weekend.bpmn,weekend.xes,naahnnkklliimmbbeegghhggjfjfcckbkbeebbhhggddbbhhcceebbeehhoo,60,ONLY_EDGE_INFORMATION_PREVIOUS,3,T,0,T,0.07,10,1e-05,Spearman,0.913138,,0
weekend.bpmn,weekend.xes,naahnnkklliimmbbeegghhggjfjfcckbkbeebbhhggddbbhhcceebbeehhoo,60,ONLY_EDGE_INFORMATION_PREVIOUS,3,T,0,T,0.07,10,1e-05,WithNoiseDistanceSpearman,0.999912,,0
weekend.bpmn,weekend.xes,aahhnnnkklliimmbbeegghhggjfjfcckbkbeebbhggddbbhhcceebbeehhoo,60,ONLY_EDGE_INFORMATION_PREVIOUS,3,T,0,T,0.07,10,1e-05,Spearman,0.945213,,0
weekend.bpmn,weekend.xes,aahhnnnkklliimmbbeegghhggjfjfcckbkbeebbhggddbbhhcceebbeehhoo,60,ONLY_EDGE_INFORMATION_PREVIOUS,3,T,0,T,0.07,10,1e-05,WithNoiseDistanceSpearman,0.993905,,0
weekend.bpmn,weekend.xes,aahhbkklliimmnbneegghhggjfjfcckbkbeebbhhggddbbhhcceebbeehhoo,60,ONLY_EDGE_INFORMATION_PREVIOUS,4,T,0,T,0.07,10,1e-05,Spearman,0.931934,,0
weekend.bpmn,weekend.xes,aahhbkklliimmnbneegghhggjfjfcckbkbeebbhhggddbbhhcceebbeehhoo,60,ONLY_EDGE_INFORMATION_PREVIOUS,4,T,0,T,0.07,10,1e-05,WithNoiseDistanceSpearman,0.975569,,0
weekend.bpmn,weekend.xes,alhnnkkhliimmbbeegghhggjfjfcckbknbeebbhhggddbbhhcceebbeehhoo,60,ONLY_EDGE_INFORMATION_PREVIOUS,4,T,0,T,0.07,10,1e-05,Spearman,0.914324,,0
weekend.bpmn,weekend.xes,alhnnkkhliimmbbeegghhggjfjfcckbknbeebbhhggddbbhhcceebbeehhoo,60,ONLY_EDGE_INFORMATION_PREVIOUS,4,T,0,T,0.07,10,1e-05,WithNoiseDistanceSpearman,0.998817,,0
weekend.bpmn,weekend.xes,aaeebbnnllkhkhccmmbbeebbkkcchheebbeeggkbbeekkbbkeehhcchhkkhhddhhcchhoo,70,ONLY_EDGE_INFORMATION_PREVIOUS,0,T,0,T,0.07,10,1e-05,Spearman,0.938529,,0
weekend.bpmn,weekend.xes,aaebbnnllkhkhccmmbbeebbkkcchheebbeeggkbbeekkbbkeehhcchhkkhhddhhcchhoo,69,ONLY_EDGE_INFORMATION_PREVIOUS,1,T,0,T,0.07,10,1e-05,Spearman,0.964891,,0
weekend.bpmn,weekend.xes,aaebbnnllkhkhccmmbbeebbkkcchheebbeeggkbbeekkbbkeehhcchhkkhhddhhcchhoo,69,ONLY_EDGE_INFORMATION_PREVIOUS,1,T,0,T,0.07,10,1e-05,WithNoiseDistanceSpearman,0.985566,,0
weekend.bpmn,weekend.xes,aaeebbnnllkhkhccmmbbeebbkkcchhebbeeggkbbeekkbbkeehhcchhkkhhddhhcchhoo,69,ONLY_EDGE_INFORMATION_PREVIOUS,1,T,0,T,0.07,10,1e-05,Spearman,0.938059,,0
weekend.bpmn,weekend.xes,aaeebbnnllkhkhccmmbbeebbkkcchhebbeeggkbbeekkbbkeehhcchhkkhhddhhcchhoo,69,ONLY_EDGE_INFORMATION_PREVIOUS,1,T,0,T,0.07,10,1e-05,WithNoiseDistanceSpearman,0.999668,,0
weekend.bpmn,weekend.xes,aeebbnnllkhkccmmbbeebbkkcchheebbeeggkbbeekkbbkeehhcchhkkhhddhhcchhoo,68,ONLY_EDGE_INFORMATION_PREVIOUS,2,T,0,T,0.07,10,1e-05,Spearman,0.938604,,0
weekend.bpmn,weekend.xes,aeebbnnllkhkccmmbbeebbkkcchheebbeeggkbbeekkbbkeehhcchhkkhhddhhcchhoo,68,ONLY_EDGE_INFORMATION_PREVIOUS,2,T,0,T,0.07,10,1e-05,WithNoiseDistanceSpearman,0.999269,,0
weekend.bpmn,weekend.xes,aeebbnnllhkhccmmbbeebbkkcchheebbeeggkbbeekkbbkeehhcchhkkhhddhhcchhoo,68,ONLY_EDGE_INFORMATION_PREVIOUS,2,T,0,T,0.07,10,1e-05,Spearman,0.938664,,0
weekend.bpmn,weekend.xes,aeebbnnllhkhccmmbbeebbkkcchheebbeeggkbbeekkbbkeehhcchhkkhhddhhcchhoo,68,ONLY_EDGE_INFORMATION_PREVIOUS,2,T,0,T,0.07,10,1e-05,WithNoiseDistanceSpearman,0.999078,,0
weekend.bpmn,weekend.xes,aaebbnbnllkhkhccmmbbeebbkkcchheebbeeggkbbeekkbbkeehhcchhkkhhddhhcchhoo,70,ONLY_EDGE_INFORMATION_PREVIOUS,3,T,0,T,0.07,10,1e-05,Spearman,0.96714,,0
weekend.bpmn,weekend.xes,aaebbnbnllkhkhccmmbbeebbkkcchheebbeeggkbbeekkbbkeehhcchhkkhhddhhcchhoo,70,ONLY_EDGE_INFORMATION_PREVIOUS,3,T,0,T,0.07,10,1e-05,WithNoiseDistanceSpearman,0.985829,,0
weekend.bpmn,weekend.xes,aaeebbhnllknkhccmmbbeebbkkcchheebbeeggkbbeekkbbkeehhcchhkkhhddhhcchhoo,70,ONLY_EDGE_INFORMATION_PREVIOUS,3,T,0,T,0.07,10,1e-05,Spearman,0.94302,,0
weekend.bpmn,weekend.xes,aaeebbhnllknkhccmmbbeebbkkcchheebbeeggkbbeekkbbkeehhcchhkkhhddhhcchhoo,70,ONLY_EDGE_INFORMATION_PREVIOUS,3,T,0,T,0.07,10,1e-05,WithNoiseDistanceSpearman,0.996824,,0
weekend.bpmn,weekend.xes,baeebanjnllkhkhcmmbbeebbkkcchheebbeeggkbbeekkbbkeehhcchhkkhhddhhcchhoo,70,ONLY_EDGE_INFORMATION_PREVIOUS,4,T,0,T,0.07,10,1e-05,Spearman,0.938578,,0
weekend.bpmn,weekend.xes,baeebanjnllkhkhcmmbbeebbkkcchheebbeeggkbbeekkbbkeehhcchhkkhhddhhcchhoo,70,ONLY_EDGE_INFORMATION_PREVIOUS,4,T,0,T,0.07,10,1e-05,WithNoiseDistanceSpearman,0.999533,,0
weekend.bpmn,weekend.xes,aaeebbnnlnlkhkhccmmbneebbkkchheebbeeggkbbeekkbbkeehhcchhkkhhddhhcchhoo,70,ONLY_EDGE_INFORMATION_PREVIOUS,4,T,0,T,0.07,10,1e-05,Spearman,0.940011,,0
weekend.bpmn,weekend.xes,aaeebbnnlnlkhkhccmmbneebbkkchheebbeeggkbbeekkbbkeehhcchhkkhhddhhcchhoo,70,ONLY_EDGE_INFORMATION_PREVIOUS,4,T,0,T,0.07,10,1e-05,WithNoiseDistanceSpearman,0.999516,,0
