weekend.bpmn,weekend.xes,aahhnnkkbbmmlliihhjjffkkbboo,28,ONLY_EDGE_INFORMATION_PROPOSED,0,VPTree+Metric,3.65732,,0
weekend.bpmn,weekend.xes,aahhnnkkbbmmlliihhjjffkkbboo,28,ONLY_EDGE_INFORMATION_PROPOSED,0,VPTree+Transformed,0.745008,,0
weekend.bpmn,weekend.xes,aahhnnkkbbmmlliihhjjffkkbboo,28,ONLY_EDGE_INFORMATION_PROPOSED,0,VPKDTreeMinkowski+Transformed,0.618632,,0
weekend.bpmn,weekend.xes,aahhnnkkbbmmlliihhjjffkkbboo,28,ONLY_EDGE_INFORMATION_PROPOSED,0,VPTree+Embedding,2.25837,,0
weekend.bpmn,weekend.xes,aahhnnkkbbmmlliihhjjffkkbboo,28,ONLY_EDGE_INFORMATION_PROPOSED,0,VPKDTreeMinkowski+Embedding,0.679225,,0
weekend.bpmn,weekend.xes,aannkbkbmmllihihbbhhbbgghhkhkhoo,32,ONLY_EDGE_INFORMATION_PROPOSED,0,VPTree+Metric,3.65732,,0
weekend.bpmn,weekend.xes,aannkbkbmmllihihbbhhbbgghhkhkhoo,32,ONLY_EDGE_INFORMATION_PROPOSED,0,VPTree+Transformed,0.953427,,0
weekend.bpmn,weekend.xes,aannkbkbmmllihihbbhhbbgghhkhkhoo,32,ONLY_EDGE_INFORMATION_PROPOSED,0,VPKDTreeMinkowski+Transformed,0.729339,,0
weekend.bpmn,weekend.xes,aannkbkbmmllihihbbhhbbgghhkhkhoo,32,ONLY_EDGE_INFORMATION_PROPOSED,0,VPTree+Embedding,2.38709,,0
weekend.bpmn,weekend.xes,aannkbkbmmllihihbbhhbbgghhkhkhoo,32,ONLY_EDGE_INFORMATION_PROPOSED,0,VPKDTreeMinkowski+Embedding,0.763432,,0
weekend.bpmn,weekend.xes,aabbhhnnkkbbmmlliihhbbgghhbbggoo,32,ONLY_EDGE_INFORMATION_PROPOSED,0,VPTree+Metric,3.65732,,0
weekend.bpmn,weekend.xes,aabbhhnnkkbbmmlliihhbbgghhbbggoo,32,ONLY_EDGE_INFORMATION_PROPOSED,0,VPTree+Transformed,1.19662,,0
weekend.bpmn,weekend.xes,aabbhhnnkkbbmmlliihhbbgghhbbggoo,32,ONLY_EDGE_INFORMATION_PROPOSED,0,VPKDTreeMinkowski+Transformed,1.04494,,0
weekend.bpmn,weekend.xes,aabbhhnnkkbbmmlliihhbbgghhbbggoo,32,ONLY_EDGE_INFORMATION_PROPOSED,0,VPTree+Embedding,3.77149,,0
weekend.bpmn,weekend.xes,aabbhhnnkkbbmmlliihhbbgghhbbggoo,32,ONLY_EDGE_INFORMATION_PROPOSED,0,VPKDTreeMinkowski+Embedding,1.25095,,0
weekend.bpmn,weekend.xes,aannkbkbeekbkbkklliihhggkkhhjjffccggkkhhddhhoo,46,ONLY_EDGE_INFORMATION_PROPOSED,0,VPTree+Metric,3.65732,,0
weekend.bpmn,weekend.xes,aannkbkbeekbkbkklliihhggkkhhjjffccggkkhhddhhoo,46,ONLY_EDGE_INFORMATION_PROPOSED,0,VPTree+Transformed,746.747,,0
weekend.bpmn,weekend.xes,aannkbkbeekbkbkklliihhggkkhhjjffccggkkhhddhhoo,46,ONLY_EDGE_INFORMATION_PROPOSED,0,VPKDTreeMinkowski+Transformed,1.00911,,0
weekend.bpmn,weekend.xes,aannkbkbeekbkbkklliihhggkkhhjjffccggkkhhddhhoo,46,ONLY_EDGE_INFORMATION_PROPOSED,0,VPTree+Embedding,3.45314,,0
weekend.bpmn,weekend.xes,aannkbkbeekbkbkklliihhggkkhhjjffccggkkhhddhhoo,46,ONLY_EDGE_INFORMATION_PROPOSED,0,VPKDTreeMinkowski+Embedding,1.36522,,0
weekend.bpmn,weekend.xes,aannkkbbmmlliihhkkgghhcchhbbhhkbbkcchhkbbkhhoo,46,ONLY_EDGE_INFORMATION_PROPOSED,0,VPTree+Metric,3.65732,,0
weekend.bpmn,weekend.xes,aannkkbbmmlliihhkkgghhcchhbbhhkbbkcchhkbbkhhoo,46,ONLY_EDGE_INFORMATION_PROPOSED,0,VPTree+Transformed,1.38412,,0
weekend.bpmn,weekend.xes,aannkkbbmmlliihhkkgghhcchhbbhhkbbkcchhkbbkhhoo,46,ONLY_EDGE_INFORMATION_PROPOSED,0,VPKDTreeMinkowski+Transformed,1.26182,,0
weekend.bpmn,weekend.xes,aannkkbbmmlliihhkkgghhcchhbbhhkbbkcchhkbbkhhoo,46,ONLY_EDGE_INFORMATION_PROPOSED,0,VPTree+Embedding,4.20505,,0
weekend.bpmn,weekend.xes,aannkkbbmmlliihhkkgghhcchhbbhhkbbkcchhkbbkhhoo,46,ONLY_EDGE_INFORMATION_PROPOSED,0,VPKDTreeMinkowski+Embedding,1.75769,,0
weekend.bpmn,weekend.xes,aabbeekknnkknnkklilikkbbeebbeeccggjjffcchhkkhheebbeehhoo,56,ONLY_EDGE_INFORMATION_PROPOSED,0,VPTree+Metric,3.65732,,0
weekend.bpmn,weekend.xes,aabbeekknnkknnkklilikkbbeebbeeccggjjffcchhkkhheebbeehhoo,56,ONLY_EDGE_INFORMATION_PROPOSED,0,VPTree+Transformed,1.5275,,0
weekend.bpmn,weekend.xes,aabbeekknnkknnkklilikkbbeebbeeccggjjffcchhkkhheebbeehhoo,56,ONLY_EDGE_INFORMATION_PROPOSED,0,VPKDTreeMinkowski+Transformed,1.42173,,0
weekend.bpmn,weekend.xes,aabbeekknnkknnkklilikkbbeebbeeccggjjffcchhkkhheebbeehhoo,56,ONLY_EDGE_INFORMATION_PROPOSED,0,VPTree+Embedding,3.74361,,0
weekend.bpmn,weekend.xes,aabbeekknnkknnkklilikkbbeebbeeccggjjffcchhkkhheebbeehhoo,56,ONLY_EDGE_INFORMATION_PROPOSED,0,VPKDTreeMinkowski+Embedding,1.80637,,0
weekend.bpmn,weekend.xes,aaeebbeekkbbeennkklliibbmmbbeebbeeccggkkjjffcckkhhbbeeggoo,58,ONLY_EDGE_INFORMATION_PROPOSED,0,VPTree+Metric,3.65732,,0
weekend.bpmn,weekend.xes,aaeebbeekkbbeennkklliibbmmbbeebbeeccggkkjjffcckkhhbbeeggoo,58,ONLY_EDGE_INFORMATION_PROPOSED,0,VPTree+Transformed,2.00704,,0
weekend.bpmn,weekend.xes,aaeebbeekkbbeennkklliibbmmbbeebbeeccggkkjjffcckkhhbbeeggoo,58,ONLY_EDGE_INFORMATION_PROPOSED,0,VPKDTreeMinkowski+Transformed,1.71922,,0
weekend.bpmn,weekend.xes,aaeebbeekkbbeennkklliibbmmbbeebbeeccggkkjjffcckkhhbbeeggoo,58,ONLY_EDGE_INFORMATION_PROPOSED,0,VPTree+Embedding,5.55867,,0
weekend.bpmn,weekend.xes,aaeebbeekkbbeennkklliibbmmbbeebbeeccggkkjjffcckkhhbbeeggoo,58,ONLY_EDGE_INFORMATION_PROPOSED,0,VPKDTreeMinkowski+Embedding,2.50338,,0
weekend.bpmn,weekend.xes,aabbkbkbnnkklliimmbbeebbeeggbbeehhggkbbkkkhhcckkbbeebbeeggoo,60,ONLY_EDGE_INFORMATION_PROPOSED,0,VPTree+Metric,3.65732,,0
weekend.bpmn,weekend.xes,aabbkbkbnnkklliimmbbeebbeeggbbeehhggkbbkkkhhcckkbbeebbeeggoo,60,ONLY_EDGE_INFORMATION_PROPOSED,0,VPTree+Transformed,1.90618,,0
weekend.bpmn,weekend.xes,aabbkbkbnnkklliimmbbeebbeeggbbeehhggkbbkkkhhcckkbbeebbeeggoo,60,ONLY_EDGE_INFORMATION_PROPOSED,0,VPKDTreeMinkowski+Transformed,1.7874,,0
weekend.bpmn,weekend.xes,aabbkbkbnnkklliimmbbeebbeeggbbeehhggkbbkkkhhcckkbbeebbeeggoo,60,ONLY_EDGE_INFORMATION_PROPOSED,0,VPTree+Embedding,5.24907,,0
weekend.bpmn,weekend.xes,aabbkbkbnnkklliimmbbeebbeeggbbeehhggkbbkkkhhcckkbbeebbeeggoo,60,ONLY_EDGE_INFORMATION_PROPOSED,0,VPKDTreeMinkowski+Embedding,2.39547,,0
weekend.bpmn,weekend.xes,aahhnnkklliimmbbeegghhggjfjfcckbkbeebbhhggddbbhhcceebbeehhoo,60,ONLY_EDGE_INFORMATION_PROPOSED,0,VPTree+Metric,3.65732,,0
weekend.bpmn,weekend.xes,aahhnnkklliimmbbeegghhggjfjfcckbkbeebbhhggddbbhhcceebbeehhoo,60,ONLY_EDGE_INFORMATION_PROPOSED,0,VPTree+Transformed,1.86798,,0
weekend.bpmn,weekend.xes,aahhnnkklliimmbbeegghhggjfjfcckbkbeebbhhggddbbhhcceebbeehhoo,60,ONLY_EDGE_INFORMATION_PROPOSED,0,VPKDTreeMinkowski+Transformed,1.78155,,0
weekend.bpmn,weekend.xes,aahhnnkklliimmbbeegghhggjfjfcckbkbeebbhhggddbbhhcceebbeehhoo,60,ONLY_EDGE_INFORMATION_PROPOSED,0,VPTree+Embedding,5.15647,,0
weekend.bpmn,weekend.xes,aahhnnkklliimmbbeegghhggjfjfcckbkbeebbhhggddbbhhcceebbeehhoo,60,ONLY_EDGE_INFORMATION_PROPOSED,0,VPKDTreeMinkowski+Embedding,2.32042,,0
weekend.bpmn,weekend.xes,aaeebbnnllkhkhccmmbbeebbkkcchheebbeeggkbbeekkbbkeehhcchhkkhhddhhcchhoo,70,ONLY_EDGE_INFORMATION_PROPOSED,0,VPTree+Metric,3.65732,,0
weekend.bpmn,weekend.xes,aaeebbnnllkhkhccmmbbeebbkkcchheebbeeggkbbeekkbbkeehhcchhkkhhddhhcchhoo,70,ONLY_EDGE_INFORMATION_PROPOSED,0,VPTree+Transformed,1.86156,,0
weekend.bpmn,weekend.xes,aaeebbnnllkhkhccmmbbeebbkkcchheebbeeggkbbeekkbbkeehhcchhkkhhddhhcchhoo,70,ONLY_EDGE_INFORMATION_PROPOSED,0,VPKDTreeMinkowski+Transformed,1.20056,,0
weekend.bpmn,weekend.xes,aaeebbnnllkhkhccmmbbeebbkkcchheebbeeggkbbeekkbbkeehhcchhkkhhddhhcchhoo,70,ONLY_EDGE_INFORMATION_PROPOSED,0,VPTree+Embedding,3.28744,,0
weekend.bpmn,weekend.xes,aaeebbnnllkhkhccmmbbeebbkkcchheebbeeggkbbeekkbbkeehhcchhkkhhddhhcchhoo,70,ONLY_EDGE_INFORMATION_PROPOSED,0,VPKDTreeMinkowski+Embedding,1.54855,,0
weekend.bpmn,weekend.xes,aahhnnkkbbmmlliihhjjffkkbboo,28,ONLY_EDGE_INFORMATION_PREVIOUS,0,VPTree+Metric,4.02513,,0
weekend.bpmn,weekend.xes,aahhnnkkbbmmlliihhjjffkkbboo,28,ONLY_EDGE_INFORMATION_PREVIOUS,0,VPTree+Transformed,0.800642,,0
weekend.bpmn,weekend.xes,aahhnnkkbbmmlliihhjjffkkbboo,28,ONLY_EDGE_INFORMATION_PREVIOUS,0,VPKDTreeMinkowski+Transformed,0.624426,,0
weekend.bpmn,weekend.xes,aahhnnkkbbmmlliihhjjffkkbboo,28,ONLY_EDGE_INFORMATION_PREVIOUS,0,VPTree+Embedding,2.26337,,0
weekend.bpmn,weekend.xes,aahhnnkkbbmmlliihhjjffkkbboo,28,ONLY_EDGE_INFORMATION_PREVIOUS,0,VPKDTreeMinkowski+Embedding,0.610711,,0
weekend.bpmn,weekend.xes,aannkbkbmmllihihbbhhbbgghhkhkhoo,32,ONLY_EDGE_INFORMATION_PREVIOUS,0,VPTree+Metric,4.02513,,0
weekend.bpmn,weekend.xes,aannkbkbmmllihihbbhhbbgghhkhkhoo,32,ONLY_EDGE_INFORMATION_PREVIOUS,0,VPTree+Transformed,0.826703,,0
weekend.bpmn,weekend.xes,aannkbkbmmllihihbbhhbbgghhkhkhoo,32,ONLY_EDGE_INFORMATION_PREVIOUS,0,VPKDTreeMinkowski+Transformed,0.743578,,0
weekend.bpmn,weekend.xes,aannkbkbmmllihihbbhhbbgghhkhkhoo,32,ONLY_EDGE_INFORMATION_PREVIOUS,0,VPTree+Embedding,2.26618,,0
weekend.bpmn,weekend.xes,aannkbkbmmllihihbbhhbbgghhkhkhoo,32,ONLY_EDGE_INFORMATION_PREVIOUS,0,VPKDTreeMinkowski+Embedding,0.508704,,0
weekend.bpmn,weekend.xes,aabbhhnnkkbbmmlliihhbbgghhbbggoo,32,ONLY_EDGE_INFORMATION_PREVIOUS,0,VPTree+Metric,4.02513,,0
weekend.bpmn,weekend.xes,aabbhhnnkkbbmmlliihhbbgghhbbggoo,32,ONLY_EDGE_INFORMATION_PREVIOUS,0,VPTree+Transformed,0.813375,,0
weekend.bpmn,weekend.xes,aabbhhnnkkbbmmlliihhbbgghhbbggoo,32,ONLY_EDGE_INFORMATION_PREVIOUS,0,VPKDTreeMinkowski+Transformed,0.743241,,0
weekend.bpmn,weekend.xes,aabbhhnnkkbbmmlliihhbbgghhbbggoo,32,ONLY_EDGE_INFORMATION_PREVIOUS,0,VPTree+Embedding,2.26708,,0
weekend.bpmn,weekend.xes,aabbhhnnkkbbmmlliihhbbgghhbbggoo,32,ONLY_EDGE_INFORMATION_PREVIOUS,0,VPKDTreeMinkowski+Embedding,0.566749,,0
weekend.bpmn,weekend.xes,aannkbkbeekbkbkklliihhggkkhhjjffccggkkhhddhhoo,46,ONLY_EDGE_INFORMATION_PREVIOUS,0,VPTree+Metric,4.02513,,0
weekend.bpmn,weekend.xes,aannkbkbeekbkbkklliihhggkkhhjjffccggkkhhddhhoo,46,ONLY_EDGE_INFORMATION_PREVIOUS,0,VPTree+Transformed,0.958434,,0
weekend.bpmn,weekend.xes,aannkbkbeekbkbkklliihhggkkhhjjffccggkkhhddhhoo,46,ONLY_EDGE_INFORMATION_PREVIOUS,0,VPKDTreeMinkowski+Transformed,0.93479,,0
weekend.bpmn,weekend.xes,aannkbkbeekbkbkklliihhggkkhhjjffccggkkhhddhhoo,46,ONLY_EDGE_INFORMATION_PREVIOUS,0,VPTree+Embedding,2.84824,,0
weekend.bpmn,weekend.xes,aannkbkbeekbkbkklliihhggkkhhjjffccggkkhhddhhoo,46,ONLY_EDGE_INFORMATION_PREVIOUS,0,VPKDTreeMinkowski+Embedding,0.756089,,0
weekend.bpmn,weekend.xes,aannkkbbmmlliihhkkgghhcchhbbhhkbbkcchhkbbkhhoo,46,ONLY_EDGE_INFORMATION_PREVIOUS,0,VPTree+Metric,4.02513,,0
weekend.bpmn,weekend.xes,aannkkbbmmlliihhkkgghhcchhbbhhkbbkcchhkbbkhhoo,46,ONLY_EDGE_INFORMATION_PREVIOUS,0,VPTree+Transformed,0.961945,,0
weekend.bpmn,weekend.xes,aannkkbbmmlliihhkkgghhcchhbbhhkbbkcchhkbbkhhoo,46,ONLY_EDGE_INFORMATION_PREVIOUS,0,VPKDTreeMinkowski+Transformed,0.831025,,0
weekend.bpmn,weekend.xes,aannkkbbmmlliihhkkgghhcchhbbhhkbbkcchhkbbkhhoo,46,ONLY_EDGE_INFORMATION_PREVIOUS,0,VPTree+Embedding,2.48886,,0
weekend.bpmn,weekend.xes,aannkkbbmmlliihhkkgghhcchhbbhhkbbkcchhkbbkhhoo,46,ONLY_EDGE_INFORMATION_PREVIOUS,0,VPKDTreeMinkowski+Embedding,0.734222,,0
weekend.bpmn,weekend.xes,aabbeekknnkknnkklilikkbbeebbeeccggjjffcchhkkhheebbeehhoo,56,ONLY_EDGE_INFORMATION_PREVIOUS,0,VPTree+Metric,4.02513,,0
weekend.bpmn,weekend.xes,aabbeekknnkknnkklilikkbbeebbeeccggjjffcchhkkhheebbeehhoo,56,ONLY_EDGE_INFORMATION_PREVIOUS,0,VPTree+Transformed,1.69447,,0
weekend.bpmn,weekend.xes,aabbeekknnkknnkklilikkbbeebbeeccggjjffcchhkkhheebbeehhoo,56,ONLY_EDGE_INFORMATION_PREVIOUS,0,VPKDTreeMinkowski+Transformed,1.5368,,0
weekend.bpmn,weekend.xes,aabbeekknnkknnkklilikkbbeebbeeccggjjffcchhkkhheebbeehhoo,56,ONLY_EDGE_INFORMATION_PREVIOUS,0,VPTree+Embedding,4.34054,,0
weekend.bpmn,weekend.xes,aabbeekknnkknnkklilikkbbeebbeeccggjjffcchhkkhheebbeehhoo,56,ONLY_EDGE_INFORMATION_PREVIOUS,0,VPKDTreeMinkowski+Embedding,1.54224,,0
weekend.bpmn,weekend.xes,aaeebbeekkbbeennkklliibbmmbbeebbeeccggkkjjffcckkhhbbeeggoo,58,ONLY_EDGE_INFORMATION_PREVIOUS,0,VPTree+Metric,4.02513,,0
weekend.bpmn,weekend.xes,aaeebbeekkbbeennkklliibbmmbbeebbeeccggkkjjffcckkhhbbeeggoo,58,ONLY_EDGE_INFORMATION_PREVIOUS,0,VPTree+Transformed,1.19164,,0
weekend.bpmn,weekend.xes,aaeebbeekkbbeennkklliibbmmbbeebbeeccggkkjjffcckkhhbbeeggoo,58,ONLY_EDGE_INFORMATION_PREVIOUS,0,VPKDTreeMinkowski+Transformed,1.65813,,0
weekend.bpmn,weekend.xes,aaeebbeekkbbeennkklliibbmmbbeebbeeccggkkjjffcckkhhbbeeggoo,58,ONLY_EDGE_INFORMATION_PREVIOUS,0,VPTree+Embedding,4.43718,,0
weekend.bpmn,weekend.xes,aaeebbeekkbbeennkklliibbmmbbeebbeeccggkkjjffcckkhhbbeeggoo,58,ONLY_EDGE_INFORMATION_PREVIOUS,0,VPKDTreeMinkowski+Embedding,1.84759,,0
weekend.bpmn,weekend.xes,aabbkbkbnnkklliimmbbeebbeeggbbeehhggkbbkkkhhcckkbbeebbeeggoo,60,ONLY_EDGE_INFORMATION_PREVIOUS,0,VPTree+Metric,4.02513,,0
weekend.bpmn,weekend.xes,aabbkbkbnnkklliimmbbeebbeeggbbeehhggkbbkkkhhcckkbbeebbeeggoo,60,ONLY_EDGE_INFORMATION_PREVIOUS,0,VPTree+Transformed,1.18217,,0
weekend.bpmn,weekend.xes,aabbkbkbnnkklliimmbbeebbeeggbbeehhggkbbkkkhhcckkbbeebbeeggoo,60,ONLY_EDGE_INFORMATION_PREVIOUS,0,VPKDTreeMinkowski+Transformed,1.00137,,0
weekend.bpmn,weekend.xes,aabbkbkbnnkklliimmbbeebbeeggbbeehhggkbbkkkhhcckkbbeebbeeggoo,60,ONLY_EDGE_INFORMATION_PREVIOUS,0,VPTree+Embedding,2.99329,,0
weekend.bpmn,weekend.xes,aabbkbkbnnkklliimmbbeebbeeggbbeehhggkbbkkkhhcckkbbeebbeeggoo,60,ONLY_EDGE_INFORMATION_PREVIOUS,0,VPKDTreeMinkowski+Embedding,1.11976,,0
weekend.bpmn,weekend.xes,aahhnnkklliimmbbeegghhggjfjfcckbkbeebbhhggddbbhhcceebbeehhoo,60,ONLY_EDGE_INFORMATION_PREVIOUS,0,VPTree+Metric,4.02513,,0
weekend.bpmn,weekend.xes,aahhnnkklliimmbbeegghhggjfjfcckbkbeebbhhggddbbhhcceebbeehhoo,60,ONLY_EDGE_INFORMATION_PREVIOUS,0,VPTree+Transformed,716.114,,0
weekend.bpmn,weekend.xes,aahhnnkklliimmbbeegghhggjfjfcckbkbeebbhhggddbbhhcceebbeehhoo,60,ONLY_EDGE_INFORMATION_PREVIOUS,0,VPKDTreeMinkowski+Transformed,1.41577,,0
weekend.bpmn,weekend.xes,aahhnnkklliimmbbeegghhggjfjfcckbkbeebbhhggddbbhhcceebbeehhoo,60,ONLY_EDGE_INFORMATION_PREVIOUS,0,VPTree+Embedding,2.90026,,0
weekend.bpmn,weekend.xes,aahhnnkklliimmbbeegghhggjfjfcckbkbeebbhhggddbbhhcceebbeehhoo,60,ONLY_EDGE_INFORMATION_PREVIOUS,0,VPKDTreeMinkowski+Embedding,1.40133,,0
weekend.bpmn,weekend.xes,aaeebbnnllkhkhccmmbbeebbkkcchheebbeeggkbbeekkbbkeehhcchhkkhhddhhcchhoo,70,ONLY_EDGE_INFORMATION_PREVIOUS,0,VPTree+Metric,4.02513,,0
weekend.bpmn,weekend.xes,aaeebbnnllkhkhccmmbbeebbkkcchheebbeeggkbbeekkbbkeehhcchhkkhhddhhcchhoo,70,ONLY_EDGE_INFORMATION_PREVIOUS,0,VPTree+Transformed,1.53842,,0
weekend.bpmn,weekend.xes,aaeebbnnllkhkhccmmbbeebbkkcchheebbeeggkbbeekkbbkeehhcchhkkhhddhhcchhoo,70,ONLY_EDGE_INFORMATION_PREVIOUS,0,VPKDTreeMinkowski+Transformed,1.11249,,0
weekend.bpmn,weekend.xes,aaeebbnnllkhkhccmmbbeebbkkcchheebbeeggkbbeekkbbkeehhcchhkkhhddhhcchhoo,70,ONLY_EDGE_INFORMATION_PREVIOUS,0,VPTree+Embedding,2.97187,,0
weekend.bpmn,weekend.xes,aaeebbnnllkhkhccmmbbeebbkkcchheebbeeggkbbeekkbbkeehhcchhkkhhddhhcchhoo,70,ONLY_EDGE_INFORMATION_PREVIOUS,0,VPKDTreeMinkowski+Embedding,1.11924,,0
